CASE-013NEAI;1103970;I/C WITHIN INDIVIDUAL BOX,OVERSEAS,C,P,8180;;Epson_image\Epson PX6000_1584048069199.png
CASE-013NEAI;1103971;I/C WITHIN INDIVIDUAL BOX,OVERSEAS,M,P,8180;;Epson_image\Epson PX6000_1584048069199.png
CASE-013NEAI;1103972;I/C WITHIN INDIVIDUAL BOX,OVERSEAS,Y,P,8180;;Epson_image\Epson PX6000_1584048069199.png
CASE-013NEAI;1103976;B,P,8180;;Epson_image\Epson PX6000_1584048069199.png
CASE-013NEAI;1269784;HOLDER ASSY.,ROLL,SP;;Epson_image\Epson PX6000_1584048069199.png
CASE-013NEAI;1269783;HOLDER ASSY.,ROLL,L,SP;;Epson_image\Epson PX6000_1584048069199.png
CASE-013NEAI;1269782;HOLDER ASSY.,ROLL,R,SP;;Epson_image\Epson PX6000_1584048069199.png
CASE-013NEAI;1104332;ADAPTER;;Epson_image\Epson PX6000_1584048069199.png
CASE-013NEAI;1104330;FLANGE,RIGHT;;Epson_image\Epson PX6000_1584048069199.png
CASE-013NEAI;1104331;FLANGE,LEFT;;Epson_image\Epson PX6000_1584048069199.png
CASE-013NEAI;1263652;SCROLLER,SAB ASSY.;;Epson_image\Epson PX6000_1584048069199.png
CASE-013NEAI;1220015;SHAFT,STOPPER,L;;Epson_image\Epson PX6000_1584048069199.png
CASE-013NEAI;1264207;MAKEUP SCREW;;Epson_image\Epson PX6000_1584048069199.png
CASE-013NEAI;1301606;STACKER ASSEMBLY, B;;Epson_image\Epson PX6000_1584048069199.png
CASE-013NEAI;1401640;STACKER, C;;Epson_image\Epson PX6000_1584048069199.png
CASE-013NEAI;1231245;GUIDE,STACKER;;Epson_image\Epson PX6000_1584048069199.png
CASE-013NEAI;1242255;STACKER,SUPPORT;;Epson_image\Epson PX6000_1584048069199.png
CASE-013NEAI;1403670;TRAY ASSEMBLY, C;;Epson_image\Epson PX6000_1584048069199.png
CASE-013NEAI;1249628;LABEL,MODEL NAME;;Epson_image\Epson PX6000_1584048069199.png
CASE-013NEAI;1265063;LABEL,ULTRA CHROME INK;;Epson_image\Epson PX6000_1584048069199.png
CASE-013NEAI;1259597;LABEL,ASF SET;;Epson_image\Epson PX6000_1584048069199.png
CASE-013NEAI;1104833;LABEL,ROLLPAPER SET,2/3 INCH;;Epson_image\Epson PX6000_1584048069199.png
CASE-013NEAI;1299691;LABEL,INK COLOR,4COLOR RIGHT, B;;Epson_image\Epson PX6000_1584048069199.png
CASE-013NEAI;1231229;MOUNTING PLATE,FAN,POWER SUPPLY;;Epson_image\Epson PX6000_1584048069199.png
CASE-013NEAI;1299523;COVER,HARNESS, B;;Epson_image\Epson PX6000_1584048069199.png
CASE-013NEAI;1269616;FILTER,FAN ASSY.;;Epson_image\Epson PX6000_1584048069199.png
CASE-013NEAI;1055583;COVER,CONECTER,UPPER, B;;Epson_image\Epson PX6000_1584048069199.png
CASE-013NEAI;1232657;COVER,I/F;;Epson_image\Epson PX6000_1584048069199.png
CASE-013NEAI;1290853;GROUND PLATE,IF, B;;Epson_image\Epson PX6000_1584048069199.png
CASE-013NEAI;1270101;FILTER,RIGHT;;Epson_image\Epson PX6000_1584048069199.png
CASE-013NEAI;1270017;MOUNT PLATE,FILTER,RIGHT;;Epson_image\Epson PX6000_1584048069199.png
CASE-013NEAI;1270014;DUCT,RIGHT;;Epson_image\Epson PX6000_1584048069199.png
CASE-013NEAI;1011863;GROUNDING PLATE,I/F,UPPER;;Epson_image\Epson PX6000_1584048069199.png
CASE-022;1231229;MOUNTING PLATE,FAN,POWER SUPPLY;;Epson_image\Epson PX6000_1584048072607.png
CASE-022;1299523;COVER,HARNESS, B;;Epson_image\Epson PX6000_1584048072607.png
CASE-022;1269616;FILTER,FAN ASSY.;;Epson_image\Epson PX6000_1584048072607.png
CASE-022;1055583;COVER,CONECTER,UPPER, B;;Epson_image\Epson PX6000_1584048072607.png
CASE-022;1232657;COVER,I/F;;Epson_image\Epson PX6000_1584048072607.png
CASE-022;1290853;GROUND PLATE,IF, B;;Epson_image\Epson PX6000_1584048072607.png
CASE-022;1270101;FILTER,RIGHT;;Epson_image\Epson PX6000_1584048072607.png
CASE-022;1270017;MOUNT PLATE,FILTER,RIGHT;;Epson_image\Epson PX6000_1584048072607.png
CASE-022;1270014;DUCT,RIGHT;;Epson_image\Epson PX6000_1584048072607.png
CASE-022;1011863;GROUNDING PLATE,I/F,UPPER;;Epson_image\Epson PX6000_1584048072607.png
ELEC-011;2068821;FUSE;;Epson_image\Epson PX6000_1584048076147.png
ELEC-011;2077442;FUSE;;Epson_image\Epson PX6000_1584048076147.png
ELEC-011;2080885;FUSE;;Epson_image\Epson PX6000_1584048076147.png
ELEC-011;2077442;FUSE;;Epson_image\Epson PX6000_1584048076147.png
ELEC-011;2080885;FUSE;;Epson_image\Epson PX6000_1584048076147.png
ELEC-011;2080059;BOARD ASSY., MAIN;;Epson_image\Epson PX6000_1584048076147.png
ELEC-011;2080067;BOARD ASSY.,POWER SUPPLY;;Epson_image\Epson PX6000_1584048076147.png
ELEC-011;2080894;HARNESS;;Epson_image\Epson PX6000_1584048076147.png
ELEC-011;2093530;HARNESS;;Epson_image\Epson PX6000_1584048076147.png
ELEC-011;2032086;QUARTZ OSCILLATOR;;Epson_image\Epson PX6000_1584048076147.png
ELEC-011;2060188;CRYSTAL;;Epson_image\Epson PX6000_1584048076147.png
ELEC-011;2029051;DIODE STACK;;Epson_image\Epson PX6000_1584048076147.png
ELEC-011;2073111;VOLTAGE REGULATOR;;Epson_image\Epson PX6000_1584048076147.png
ELEC-011;2060648;SDRAM;;Epson_image\Epson PX6000_1584048076147.png
ELEC-011;2060648;SDRAM;;Epson_image\Epson PX6000_1584048076147.png
ELEC-011;2036463;TRANSISTOR;;Epson_image\Epson PX6000_1584048076147.png
ELEC-011;2036463;TRANSISTOR;;Epson_image\Epson PX6000_1584048076147.png
ELEC-011;2046570;N-CH FET;;Epson_image\Epson PX6000_1584048076147.png
ELEC-011;2080819;P-CH FET;;Epson_image\Epson PX6000_1584048076147.png
ELEC-011;2060030;CONNECTOR;;Epson_image\Epson PX6000_1584048076147.png
ELEC-011;2033895;DC FAN SET;;Epson_image\Epson PX6000_1584048076147.png
ELEC-011;2060090;MICROCONTROLLER;;Epson_image\Epson PX6000_1584048076147.png
ELEC-011;2060126;IC;;Epson_image\Epson PX6000_1584048076147.png
ELEC-011;2036166;IC;;Epson_image\Epson PX6000_1584048076147.png
ELEC-011;2082276;ASIC;;Epson_image\Epson PX6000_1584048076147.png
ELEC-011;2060844;IC;;Epson_image\Epson PX6000_1584048076147.png
ELEC-011;2031503;D/A CONVERTER;;Epson_image\Epson PX6000_1584048076147.png
ELEC-011;2036339;HYBRID IC;;Epson_image\Epson PX6000_1584048076147.png
ELEC-011;2036339;HYBRID IC;;Epson_image\Epson PX6000_1584048076147.png
ELEC-011;2061113;HYBRID IC;;Epson_image\Epson PX6000_1584048076147.png
ELEC-011;2060126;IC;;Epson_image\Epson PX6000_1584048076147.png
ELEC-011;2102671;ASIC;;Epson_image\Epson PX6000_1584048076147.png
ELEC-011;2054856;HYBRID IC;;Epson_image\Epson PX6000_1584048076147.png
MECH-014;2088951;PRINTER MECHANISM(SP),M-AB60-103;;Epson_image\Epson PX6000_1584048079017.png
MECH-014;1269786;COVER ASSY.,SIDE,L,SP;;Epson_image\Epson PX6000_1584048079017.png
MECH-014;1231241;COVER,I/H,LEFT;;Epson_image\Epson PX6000_1584048079017.png
MECH-014;1033723;LATCH,COVER I/C;;Epson_image\Epson PX6000_1584048079017.png
MECH-014;1231243;GUIDE,I/H,LEFT;;Epson_image\Epson PX6000_1584048079017.png
MECH-014;1231233;PANEL,FRONT;;Epson_image\Epson PX6000_1584048079017.png
MECH-014;1219617;COVER,REAR;;Epson_image\Epson PX6000_1584048079017.png
MECH-014;1246018;STOPPER,COVER PRINTER,LEFT;;Epson_image\Epson PX6000_1584048079017.png
MECH-014;1246017;STOPPER,COVER PRINTER,RIGHT;;Epson_image\Epson PX6000_1584048079017.png
MECH-014;1306278;COVER,PRINTER, B;;Epson_image\Epson PX6000_1584048079017.png
MECH-014;1219623;KNOB,RELEASE,LEVER;;Epson_image\Epson PX6000_1584048079017.png
MECH-014;1219619;COVER,INSIDE,RELEASE,LEVER;;Epson_image\Epson PX6000_1584048079017.png
MECH-014;1269785;COVER ASSY.,SIDE,R,SP;;Epson_image\Epson PX6000_1584048079017.png
MECH-014;1249367;POROUS PAD,HOLDER,INK EJECT;;Epson_image\Epson PX6000_1584048079017.png
MECH-014;1267084;POROUS PAD,INK EJECT,SUB;;Epson_image\Epson PX6000_1584048079017.png
MECH-014;1231242;GUIDE,I/H,RIGHT;;Epson_image\Epson PX6000_1584048079017.png
MECH-014;1231240;COVER,I/H,RIGHT;;Epson_image\Epson PX6000_1584048079017.png
MECH-014;1219993;FRAME,PANEL,UNDER,RIGHT;;Epson_image\Epson PX6000_1584048079017.png
MECH-014;2080893;CONTROL,PANEL;;Epson_image\Epson PX6000_1584048079017.png
MECH-014;2080201;HARNESS,PANEL;;Epson_image\Epson PX6000_1584048079017.png
MECH-014;1250411;LOGO PLATE,13X54, E;;Epson_image\Epson PX6000_1584048079017.png
MECH-014;1299689;LABEL,INK COLOR,LEFT, B;;Epson_image\Epson PX6000_1584048079017.png
MECH-014;1261383;LABEL,CAUTION,TRANSPORT;;Epson_image\Epson PX6000_1584048079017.png
MECH-014;1249629;LABEL,CHOKE CLEANING;;Epson_image\Epson PX6000_1584048079017.png
MECH-014;1243281;LABEL,PAPER LEVER SET UP;;Epson_image\Epson PX6000_1584048079017.png
MECH-014;1249443;LABEL,PAPER JAMMING REMOVAL;;Epson_image\Epson PX6000_1584048079017.png
MECH-014;1249440;LABEL,ACCESSORY;;Epson_image\Epson PX6000_1584048079017.png
MECH-014;1402658;LABEL,ROLL PAPER SET, B;;Epson_image\Epson PX6000_1584048079017.png
MECH-014;1230885;HOLDER ASSY.,IC,LEFT;;Epson_image\Epson PX6000_1584048079017.png
MECH-014;1091087;MOUNTING PLATE,HOLDER,IC,L;;Epson_image\Epson PX6000_1584048079017.png
MECH-014;1091090;FRAME,HOLDER,IC,UPPER;;Epson_image\Epson PX6000_1584048079017.png
MECH-014;1091091;FRAME,HOLDER,IC,LOWER;;Epson_image\Epson PX6000_1584048079017.png
MECH-014;1091094;PRESSING PLATE,IC;;Epson_image\Epson PX6000_1584048079017.png
MECH-014;1091096;TORSION SPRING,158.6;;Epson_image\Epson PX6000_1584048079017.png
MECH-014;1091098;FAN GEAR,34;;Epson_image\Epson PX6000_1584048079017.png
MECH-014;1091099;CAM,IC,FIXING;;Epson_image\Epson PX6000_1584048079017.png
MECH-014;1219632;SHAFT,LOCK,IC;;Epson_image\Epson PX6000_1584048079017.png
MECH-014;1219633;FRAME,I/S,TOP;;Epson_image\Epson PX6000_1584048079017.png
MECH-014;1219661;LEVER,IC,OPERATE;;Epson_image\Epson PX6000_1584048079017.png
MECH-014;1219663;SPUR GEAR,22;;Epson_image\Epson PX6000_1584048079017.png
MECH-014;1230882;FRAME ASSY.,NEEDLE;;Epson_image\Epson PX6000_1584048079017.png
MECH-014;1230884;MOUNTING PLATE ASSY.,HOLDER,IC,R;;Epson_image\Epson PX6000_1584048079017.png
MECH-014;1249372;MOUNT PLATE,BASE,IH,LEFT;;Epson_image\Epson PX6000_1584048079017.png
MECH-014;1259967;MOUNTING PLATE,HOLDER,IC,R;;Epson_image\Epson PX6000_1584048079017.png
MECH-014;1264224;GROUND PLATE,IH;;Epson_image\Epson PX6000_1584048079017.png
MECH-014;2020393;DETECTOR,LEAF,B2;;Epson_image\Epson PX6000_1584048079017.png
MECH-014;2060507;BOARD ASSY.,IC;;Epson_image\Epson PX6000_1584048079017.png
MECH-014;2071647;CONNECTOR,CARTRIDGE,PR;;Epson_image\Epson PX6000_1584048079017.png
MECH-014;1219620;KNOB,I/C,LOCK LEVER;;Epson_image\Epson PX6000_1584048079017.png
MECH-014;1219660;CAM,VALVE;;Epson_image\Epson PX6000_1584048079017.png
MECH-014;2078939;HARNESS,I/S,L;;Epson_image\Epson PX6000_1584048079017.png
MECH-014;1249365;TUBE,SUPPLY,INK,MB;;Epson_image\Epson PX6000_1584048079017.png
MECH-014;1249360;TUBE,SUPPLY,INK,C;;Epson_image\Epson PX6000_1584048079017.png
MECH-014;1249361;TUBE,SUPPLY,INK,M;;Epson_image\Epson PX6000_1584048079017.png
MECH-014;1249364;TUBE,SUPPLY,INK,Y;;Epson_image\Epson PX6000_1584048079017.png
MECH-014;1056164;ORING,CONECTOR M7;;Epson_image\Epson PX6000_1584048079017.png
MECH-014;1091107;CONNECTING SCREW,M7;;Epson_image\Epson PX6000_1584048079017.png
MECH-014;1235237;JOINT,3;;Epson_image\Epson PX6000_1584048079017.png
MECH-014;1249356;JOINT,3,L;;Epson_image\Epson PX6000_1584048079017.png
MECH-014;2082704;HARNESS,CSIC,MB;;Epson_image\Epson PX6000_1584048079017.png
MECH-014;2082705;HARNESS,CSIC,C;;Epson_image\Epson PX6000_1584048079017.png
MECH-014;2082706;HARNESS,CSIC,M;;Epson_image\Epson PX6000_1584048079017.png
MECH-014;2082707;HARNESS,CSIC,Y;;Epson_image\Epson PX6000_1584048079017.png
MECH-014;1432010;HOLDER ASSY.,IC,RIGHT,ESL,ASP, B;;Epson_image\Epson PX6000_1584048079017.png
MECH-014;1249371;MOUNT PLATE,BASE,IH,RIGHT;;Epson_image\Epson PX6000_1584048079017.png
MECH-014;1249358;TUBE,SUPPLY,INK,BK;;Epson_image\Epson PX6000_1584048079017.png
MECH-014;1249362;TUBE,SUPPLY,INK,LC;;Epson_image\Epson PX6000_1584048079017.png
MECH-014;1249363;TUBE,SUPPLY,INK,LM;;Epson_image\Epson PX6000_1584048079017.png
MECH-014;1249359;TUBE,SUPPLY,INK,LK;;Epson_image\Epson PX6000_1584048079017.png
MECH-014;2082708;HARNESS,CSIC,BK;;Epson_image\Epson PX6000_1584048079017.png
MECH-014;2082709;HARNESS,CSIC,LC;;Epson_image\Epson PX6000_1584048079017.png
MECH-014;2082710;HARNESS,CSIC,LM;;Epson_image\Epson PX6000_1584048079017.png
MECH-014;2082711;HARNESS,CSIC,LK;;Epson_image\Epson PX6000_1584048079017.png
MECH-014;2078951;HARNESS,I/S,R;;Epson_image\Epson PX6000_1584048079017.png
MECH-021;2088951;PRINTER MECHANISM(SP),M-AB60-103;;Epson_image\Epson PX6000_1584048084821.png
MECH-021;1269786;COVER ASSY.,SIDE,L,SP;;Epson_image\Epson PX6000_1584048084821.png
MECH-021;1231241;COVER,I/H,LEFT;;Epson_image\Epson PX6000_1584048084821.png
MECH-021;1033723;LATCH,COVER I/C;;Epson_image\Epson PX6000_1584048084821.png
MECH-021;1231243;GUIDE,I/H,LEFT;;Epson_image\Epson PX6000_1584048084821.png
MECH-021;1231233;PANEL,FRONT;;Epson_image\Epson PX6000_1584048084821.png
MECH-021;1219617;COVER,REAR;;Epson_image\Epson PX6000_1584048084821.png
MECH-021;1246018;STOPPER,COVER PRINTER,LEFT;;Epson_image\Epson PX6000_1584048084821.png
MECH-021;1246017;STOPPER,COVER PRINTER,RIGHT;;Epson_image\Epson PX6000_1584048084821.png
MECH-021;1306278;COVER,PRINTER, B;;Epson_image\Epson PX6000_1584048084821.png
MECH-021;1219623;KNOB,RELEASE,LEVER;;Epson_image\Epson PX6000_1584048084821.png
MECH-021;1219619;COVER,INSIDE,RELEASE,LEVER;;Epson_image\Epson PX6000_1584048084821.png
MECH-021;1269785;COVER ASSY.,SIDE,R,SP;;Epson_image\Epson PX6000_1584048084821.png
MECH-021;1249367;POROUS PAD,HOLDER,INK EJECT;;Epson_image\Epson PX6000_1584048084821.png
MECH-021;1267084;POROUS PAD,INK EJECT,SUB;;Epson_image\Epson PX6000_1584048084821.png
MECH-021;1231242;GUIDE,I/H,RIGHT;;Epson_image\Epson PX6000_1584048084821.png
MECH-021;1231240;COVER,I/H,RIGHT;;Epson_image\Epson PX6000_1584048084821.png
MECH-021;1219993;FRAME,PANEL,UNDER,RIGHT;;Epson_image\Epson PX6000_1584048084821.png
MECH-021;2080893;CONTROL,PANEL;;Epson_image\Epson PX6000_1584048084821.png
MECH-021;2080201;HARNESS,PANEL;;Epson_image\Epson PX6000_1584048084821.png
MECH-021;1250411;LOGO PLATE,13X54, E;;Epson_image\Epson PX6000_1584048084821.png
MECH-021;1299689;LABEL,INK COLOR,LEFT, B;;Epson_image\Epson PX6000_1584048084821.png
MECH-021;1261383;LABEL,CAUTION,TRANSPORT;;Epson_image\Epson PX6000_1584048084821.png
MECH-021;1249629;LABEL,CHOKE CLEANING;;Epson_image\Epson PX6000_1584048084821.png
MECH-021;1243281;LABEL,PAPER LEVER SET UP;;Epson_image\Epson PX6000_1584048084821.png
MECH-021;1249443;LABEL,PAPER JAMMING REMOVAL;;Epson_image\Epson PX6000_1584048084821.png
MECH-021;1249440;LABEL,ACCESSORY;;Epson_image\Epson PX6000_1584048084821.png
MECH-021;1402658;LABEL,ROLL PAPER SET, B;;Epson_image\Epson PX6000_1584048084821.png
MECH-021;1230885;HOLDER ASSY.,IC,LEFT;;Epson_image\Epson PX6000_1584048084821.png
MECH-021;1091087;MOUNTING PLATE,HOLDER,IC,L;;Epson_image\Epson PX6000_1584048084821.png
MECH-021;1091090;FRAME,HOLDER,IC,UPPER;;Epson_image\Epson PX6000_1584048084821.png
MECH-021;1091091;FRAME,HOLDER,IC,LOWER;;Epson_image\Epson PX6000_1584048084821.png
MECH-021;1091094;PRESSING PLATE,IC;;Epson_image\Epson PX6000_1584048084821.png
MECH-021;1091096;TORSION SPRING,158.6;;Epson_image\Epson PX6000_1584048084821.png
MECH-021;1091098;FAN GEAR,34;;Epson_image\Epson PX6000_1584048084821.png
MECH-021;1091099;CAM,IC,FIXING;;Epson_image\Epson PX6000_1584048084821.png
MECH-021;1219632;SHAFT,LOCK,IC;;Epson_image\Epson PX6000_1584048084821.png
MECH-021;1219633;FRAME,I/S,TOP;;Epson_image\Epson PX6000_1584048084821.png
MECH-021;1219661;LEVER,IC,OPERATE;;Epson_image\Epson PX6000_1584048084821.png
MECH-021;1219663;SPUR GEAR,22;;Epson_image\Epson PX6000_1584048084821.png
MECH-021;1230882;FRAME ASSY.,NEEDLE;;Epson_image\Epson PX6000_1584048084821.png
MECH-021;1230884;MOUNTING PLATE ASSY.,HOLDER,IC,R;;Epson_image\Epson PX6000_1584048084821.png
MECH-021;1249372;MOUNT PLATE,BASE,IH,LEFT;;Epson_image\Epson PX6000_1584048084821.png
MECH-021;1259967;MOUNTING PLATE,HOLDER,IC,R;;Epson_image\Epson PX6000_1584048084821.png
MECH-021;1264224;GROUND PLATE,IH;;Epson_image\Epson PX6000_1584048084821.png
MECH-021;2020393;DETECTOR,LEAF,B2;;Epson_image\Epson PX6000_1584048084821.png
MECH-021;2060507;BOARD ASSY.,IC;;Epson_image\Epson PX6000_1584048084821.png
MECH-021;2071647;CONNECTOR,CARTRIDGE,PR;;Epson_image\Epson PX6000_1584048084821.png
MECH-021;1219620;KNOB,I/C,LOCK LEVER;;Epson_image\Epson PX6000_1584048084821.png
MECH-021;1219660;CAM,VALVE;;Epson_image\Epson PX6000_1584048084821.png
MECH-021;2078939;HARNESS,I/S,L;;Epson_image\Epson PX6000_1584048084821.png
MECH-021;1249365;TUBE,SUPPLY,INK,MB;;Epson_image\Epson PX6000_1584048084821.png
MECH-021;1249360;TUBE,SUPPLY,INK,C;;Epson_image\Epson PX6000_1584048084821.png
MECH-021;1249361;TUBE,SUPPLY,INK,M;;Epson_image\Epson PX6000_1584048084821.png
MECH-021;1249364;TUBE,SUPPLY,INK,Y;;Epson_image\Epson PX6000_1584048084821.png
MECH-021;1056164;ORING,CONECTOR M7;;Epson_image\Epson PX6000_1584048084821.png
MECH-021;1091107;CONNECTING SCREW,M7;;Epson_image\Epson PX6000_1584048084821.png
MECH-021;1235237;JOINT,3;;Epson_image\Epson PX6000_1584048084821.png
MECH-021;1249356;JOINT,3,L;;Epson_image\Epson PX6000_1584048084821.png
MECH-021;2082704;HARNESS,CSIC,MB;;Epson_image\Epson PX6000_1584048084821.png
MECH-021;2082705;HARNESS,CSIC,C;;Epson_image\Epson PX6000_1584048084821.png
MECH-021;2082706;HARNESS,CSIC,M;;Epson_image\Epson PX6000_1584048084821.png
MECH-021;2082707;HARNESS,CSIC,Y;;Epson_image\Epson PX6000_1584048084821.png
MECH-021;1432010;HOLDER ASSY.,IC,RIGHT,ESL,ASP, B;;Epson_image\Epson PX6000_1584048084821.png
MECH-021;1249371;MOUNT PLATE,BASE,IH,RIGHT;;Epson_image\Epson PX6000_1584048084821.png
MECH-021;1249358;TUBE,SUPPLY,INK,BK;;Epson_image\Epson PX6000_1584048084821.png
MECH-021;1249362;TUBE,SUPPLY,INK,LC;;Epson_image\Epson PX6000_1584048084821.png
MECH-021;1249363;TUBE,SUPPLY,INK,LM;;Epson_image\Epson PX6000_1584048084821.png
MECH-021;1249359;TUBE,SUPPLY,INK,LK;;Epson_image\Epson PX6000_1584048084821.png
MECH-021;2082708;HARNESS,CSIC,BK;;Epson_image\Epson PX6000_1584048084821.png
MECH-021;2082709;HARNESS,CSIC,LC;;Epson_image\Epson PX6000_1584048084821.png
MECH-021;2082710;HARNESS,CSIC,LM;;Epson_image\Epson PX6000_1584048084821.png
MECH-021;2082711;HARNESS,CSIC,LK;;Epson_image\Epson PX6000_1584048084821.png
MECH-021;2078951;HARNESS,I/S,R;;Epson_image\Epson PX6000_1584048084821.png
MECH-033;1400711;POROUS PAD,GUTTER,EXHAUST;;Epson_image\Epson PX6000_1584048089498.png
MECH-033;1268462;GUTTER ASSY.,INK EJECT;;Epson_image\Epson PX6000_1584048089498.png
MECH-033;1264116;SPACER,FRAME,PAPER GUIDE,FRONT;;Epson_image\Epson PX6000_1584048089498.png
MECH-033;1262677;INDUCTION DUCT;;Epson_image\Epson PX6000_1584048089498.png
MECH-033;1270335;POROUS PAD,BOX,FL,UPPER;;Epson_image\Epson PX6000_1584048089498.png
MECH-033;1270047;POROUS PAD,BOX,FL,LOWER;;Epson_image\Epson PX6000_1584048089498.png
MECH-033;1230879;BOX ASSY.,FLUSHING;;Epson_image\Epson PX6000_1584048089498.png
MECH-033;2082701;HARNESS,PUMP,PHASE DETECTION;;Epson_image\Epson PX6000_1584048089498.png
MECH-033;1281194;CLEANER,HEAD,C,ASP;;Epson_image\Epson PX6000_1584048089498.png
MECH-033;1271403;CLEANER,HEAD,B,ASP;;Epson_image\Epson PX6000_1584048089498.png
MECH-033;1264516;JOINT,BOX,FLUSHING;;Epson_image\Epson PX6000_1584048089498.png
MECH-033;1289906;PUMP CAP ASSY., B;;Epson_image\Epson PX6000_1584048089498.png
MECH-033;1270025;SHEET,INK,STOPPER,C;;Epson_image\Epson PX6000_1584048089498.png
MECH-033;1276759;TAPE,INK,STOPPER,C;;Epson_image\Epson PX6000_1584048089498.png
MECH-033;1276758;POROUS PAD,INK,STOPPER,C;;Epson_image\Epson PX6000_1584048089498.png
MECH-033;1220013;LEAF SPRING,LOCK;;Epson_image\Epson PX6000_1584048089498.png
MECH-033;1219997;GUIDE RAIL,INK EJECT BOX,UPPER;;Epson_image\Epson PX6000_1584048089498.png
MECH-033;1270023;POROUS PAD,GUIDE,INK EJECT,B;;Epson_image\Epson PX6000_1584048089498.png
MECH-033;1234019;GUIDE,INK EJECT,B;;Epson_image\Epson PX6000_1584048089498.png
MECH-033;1270022;POROUS PAD,GUIDE,INK EJECT,A;;Epson_image\Epson PX6000_1584048089498.png
MECH-033;1234018;GUIDE,INK EJECT,A;;Epson_image\Epson PX6000_1584048089498.png
MECH-033;1220006;BRACKET,INK EJECT BOX;;Epson_image\Epson PX6000_1584048089498.png
MECH-033;1219992;GUIDE RAIL,INK EJEXT BOX,LEFT;;Epson_image\Epson PX6000_1584048089498.png
MECH-033;1408203;HOLDER ASSY.,BOARD,INK EJECT, ESL ASP;;Epson_image\Epson PX6000_1584048089498.png
MECH-033;2080880;HARNESS,CSIC,MT;;Epson_image\Epson PX6000_1584048089498.png
MECH-033;1091074;POROUS PAD ASSY.,INK EJECT;;Epson_image\Epson PX6000_1584048089498.png
MECH-033;2080200;HARNESS,R1;;Epson_image\Epson PX6000_1584048089498.png
MECH-033;2080198;HARNESS,R2;;Epson_image\Epson PX6000_1584048089498.png
MECH-033;2080202;HARNESS,L1;;Epson_image\Epson PX6000_1584048089498.png
MECH-033;2080199;HARNESS,L2;;Epson_image\Epson PX6000_1584048089498.png
MECH-033;2082702;HARNESS,PANEL,INTERMIT;;Epson_image\Epson PX6000_1584048089498.png
MECH-033;1250214;RECYCL CLAMP;;Epson_image\Epson PX6000_1584048089498.png
MECH-033;1274727;GUTTER,INK ASSY.;;Epson_image\Epson PX6000_1584048089498.png
MECH-033;2080065;BOARD ASSY.,SUB-C;;Epson_image\Epson PX6000_1584048089498.png
MECH-033;1219871;DUCT,AIR,E;;Epson_image\Epson PX6000_1584048089498.png
MECH-033;1230520;EXTENSION SPRING,2.55;;Epson_image\Epson PX6000_1584048089498.png
MECH-033;1249354;GUIDE,FFC;;Epson_image\Epson PX6000_1584048089498.png
MECH-033;1230530;EXTENSION SPRING,13.05;;Epson_image\Epson PX6000_1584048089498.png
MECH-033;2078969;MOTOR ASSY.,PF;;Epson_image\Epson PX6000_1584048089498.png
MECH-033;1219869;DUCT,AIR,D;;Epson_image\Epson PX6000_1584048089498.png
MECH-033;2103408;FAN,BLOWER,C593;;Epson_image\Epson PX6000_1584048089498.png
MECH-033;1219923;PAPER GUIDE,PAPER EJECT,STACK;;Epson_image\Epson PX6000_1584048089498.png
MECH-033;1219926;ROLLER,PAPER GUIDE;;Epson_image\Epson PX6000_1584048089498.png
MECH-033;2020393;DETECTOR,LEAF,B2;;Epson_image\Epson PX6000_1584048089498.png
MECH-033;1249442;LABEL,CUTTER CHANGE;;Epson_image\Epson PX6000_1584048089498.png
MECH-033;1273730;COVER,FAN,LEFT;;Epson_image\Epson PX6000_1584048089498.png
MECH-033;2078980;HARNESS,FAN,A;;Epson_image\Epson PX6000_1584048089498.png
MECH-033;2078981;HARNESS,FAN,B;;Epson_image\Epson PX6000_1584048089498.png
MECH-033;1273729;COVER,FAN,RIGHT;;Epson_image\Epson PX6000_1584048089498.png
MECH-033;1219904;PAD,AIR SEAL,D;;Epson_image\Epson PX6000_1584048089498.png
MECH-033;1219868;DUCT,AIR,A;;Epson_image\Epson PX6000_1584048089498.png
MECH-033;2078977;HARNESS,COVER OPEN;;Epson_image\Epson PX6000_1584048089498.png
MECH-033;1269667;LEVER,ROLLER,SUB;;Epson_image\Epson PX6000_1584048089498.png
MECH-033;1270018;COVER,DUCT,C;;Epson_image\Epson PX6000_1584048089498.png
MECH-033;1270044;PAD,DUCT,RIGHT LOWER;;Epson_image\Epson PX6000_1584048089498.png
MECH-033;1219867;DUCT,AIR,C;;Epson_image\Epson PX6000_1584048089498.png
MECH-033;2080063;BOARD ASSY.,SUB-B;;Epson_image\Epson PX6000_1584048089498.png
MECH-033;2078968;HARNESS,MOTOR,PG;;Epson_image\Epson PX6000_1584048089498.png
MECH-033;1270021;PAD,FRAME,RIGHT;;Epson_image\Epson PX6000_1584048089498.png
MECH-033;2084899;MOTOR ASSY.,PG;;Epson_image\Epson PX6000_1584048089498.png
MECH-033;1219759;SPUR GEAR,36;;Epson_image\Epson PX6000_1584048089498.png
MECH-033;1230523;EXTENSION SPRG,11.4;;Epson_image\Epson PX6000_1584048089498.png
MECH-033;1249388;COMBINATION GEAR,13.6,20.8;;Epson_image\Epson PX6000_1584048089498.png
MECH-033;1219767;SPUR GEAR,16;;Epson_image\Epson PX6000_1584048089498.png
MECH-033;1219760;COMBINATION GEAR,40,20;;Epson_image\Epson PX6000_1584048089498.png
MECH-033;1219758;COMBINATION GEAR,56,8.8;;Epson_image\Epson PX6000_1584048089498.png
MECH-033;1219870;DUCT,AIR,B;;Epson_image\Epson PX6000_1584048089498.png
MECH-033;1259969;SHEET,PAPER GUIDE,PAPER EJECT,STACK;;Epson_image\Epson PX6000_1584048089498.png
MECH-033;1270020;PAD,DUCT,E;;Epson_image\Epson PX6000_1584048089498.png
MECH-033;1264223;GROUND SPRING,PAPER GUIDE,MIDDLE,LEFT;;Epson_image\Epson PX6000_1584048089498.png
MECH-033;2020393;DETECTOR,LEAF,B2;;Epson_image\Epson PX6000_1584048089498.png
MECH-033;1265567;COVER,DETECTOR,PAPER GUIDE,MIDDLE;;Epson_image\Epson PX6000_1584048089498.png
MECH-033;2084993;HARNESS,DETECTOR,PAPER GUIDE CENTER;;Epson_image\Epson PX6000_1584048089498.png
MECH-033;1273728;PAD,FAN;;Epson_image\Epson PX6000_1584048089498.png
MECH-033;1276760;POROUS PAD,FRAME,SUB,RIGHT;;Epson_image\Epson PX6000_1584048089498.png
MECH-033;1273504;CASE FEET,CP-30-FF-4A,BLACK;;Epson_image\Epson PX6000_1584048089498.png
MECH-043;2068821;FUSE;;Epson_image\Epson PX6000_1584048095644.png
MECH-043;2077442;FUSE;;Epson_image\Epson PX6000_1584048095644.png
MECH-043;2080885;FUSE;;Epson_image\Epson PX6000_1584048095644.png
MECH-043;2077442;FUSE;;Epson_image\Epson PX6000_1584048095644.png
MECH-043;2080885;FUSE;;Epson_image\Epson PX6000_1584048095644.png
MECH-043;1400711;POROUS PAD,GUTTER,EXHAUST;;Epson_image\Epson PX6000_1584048095644.png
MECH-043;1268462;GUTTER ASSY.,INK EJECT;;Epson_image\Epson PX6000_1584048095644.png
MECH-043;1264116;SPACER,FRAME,PAPER GUIDE,FRONT;;Epson_image\Epson PX6000_1584048095644.png
MECH-043;1262677;INDUCTION DUCT;;Epson_image\Epson PX6000_1584048095644.png
MECH-043;1270335;POROUS PAD,BOX,FL,UPPER;;Epson_image\Epson PX6000_1584048095644.png
MECH-043;1270047;POROUS PAD,BOX,FL,LOWER;;Epson_image\Epson PX6000_1584048095644.png
MECH-043;1230879;BOX ASSY.,FLUSHING;;Epson_image\Epson PX6000_1584048095644.png
MECH-043;2082701;HARNESS,PUMP,PHASE DETECTION;;Epson_image\Epson PX6000_1584048095644.png
MECH-043;1281194;CLEANER,HEAD,C,ASP;;Epson_image\Epson PX6000_1584048095644.png
MECH-043;1271403;CLEANER,HEAD,B,ASP;;Epson_image\Epson PX6000_1584048095644.png
MECH-043;1264516;JOINT,BOX,FLUSHING;;Epson_image\Epson PX6000_1584048095644.png
MECH-043;1289906;PUMP CAP ASSY., B;;Epson_image\Epson PX6000_1584048095644.png
MECH-043;1270025;SHEET,INK,STOPPER,C;;Epson_image\Epson PX6000_1584048095644.png
MECH-043;1276759;TAPE,INK,STOPPER,C;;Epson_image\Epson PX6000_1584048095644.png
MECH-043;1276758;POROUS PAD,INK,STOPPER,C;;Epson_image\Epson PX6000_1584048095644.png
MECH-043;1220013;LEAF SPRING,LOCK;;Epson_image\Epson PX6000_1584048095644.png
MECH-043;1219997;GUIDE RAIL,INK EJECT BOX,UPPER;;Epson_image\Epson PX6000_1584048095644.png
MECH-043;1270023;POROUS PAD,GUIDE,INK EJECT,B;;Epson_image\Epson PX6000_1584048095644.png
MECH-043;1234019;GUIDE,INK EJECT,B;;Epson_image\Epson PX6000_1584048095644.png
MECH-043;1270022;POROUS PAD,GUIDE,INK EJECT,A;;Epson_image\Epson PX6000_1584048095644.png
MECH-043;1234018;GUIDE,INK EJECT,A;;Epson_image\Epson PX6000_1584048095644.png
MECH-043;1220006;BRACKET,INK EJECT BOX;;Epson_image\Epson PX6000_1584048095644.png
MECH-043;1219992;GUIDE RAIL,INK EJEXT BOX,LEFT;;Epson_image\Epson PX6000_1584048095644.png
MECH-043;1408203;HOLDER ASSY.,BOARD,INK EJECT, ESL ASP;;Epson_image\Epson PX6000_1584048095644.png
MECH-043;2080880;HARNESS,CSIC,MT;;Epson_image\Epson PX6000_1584048095644.png
MECH-043;1091074;POROUS PAD ASSY.,INK EJECT;;Epson_image\Epson PX6000_1584048095644.png
MECH-043;2080200;HARNESS,R1;;Epson_image\Epson PX6000_1584048095644.png
MECH-043;2080198;HARNESS,R2;;Epson_image\Epson PX6000_1584048095644.png
MECH-043;2080202;HARNESS,L1;;Epson_image\Epson PX6000_1584048095644.png
MECH-043;2080199;HARNESS,L2;;Epson_image\Epson PX6000_1584048095644.png
MECH-043;2082702;HARNESS,PANEL,INTERMIT;;Epson_image\Epson PX6000_1584048095644.png
MECH-043;1250214;RECYCL CLAMP;;Epson_image\Epson PX6000_1584048095644.png
MECH-043;1274727;GUTTER,INK ASSY.;;Epson_image\Epson PX6000_1584048095644.png
MECH-043;2080065;BOARD ASSY.,SUB-C;;Epson_image\Epson PX6000_1584048095644.png
MECH-043;1219871;DUCT,AIR,E;;Epson_image\Epson PX6000_1584048095644.png
MECH-043;1230520;EXTENSION SPRING,2.55;;Epson_image\Epson PX6000_1584048095644.png
MECH-043;1249354;GUIDE,FFC;;Epson_image\Epson PX6000_1584048095644.png
MECH-043;1230530;EXTENSION SPRING,13.05;;Epson_image\Epson PX6000_1584048095644.png
MECH-043;2078969;MOTOR ASSY.,PF;;Epson_image\Epson PX6000_1584048095644.png
MECH-043;1219869;DUCT,AIR,D;;Epson_image\Epson PX6000_1584048095644.png
MECH-043;2103408;FAN,BLOWER,C593;;Epson_image\Epson PX6000_1584048095644.png
MECH-043;1219923;PAPER GUIDE,PAPER EJECT,STACK;;Epson_image\Epson PX6000_1584048095644.png
MECH-043;1219926;ROLLER,PAPER GUIDE;;Epson_image\Epson PX6000_1584048095644.png
MECH-043;2020393;DETECTOR,LEAF,B2;;Epson_image\Epson PX6000_1584048095644.png
MECH-043;1249442;LABEL,CUTTER CHANGE;;Epson_image\Epson PX6000_1584048095644.png
MECH-043;1273730;COVER,FAN,LEFT;;Epson_image\Epson PX6000_1584048095644.png
MECH-043;2078980;HARNESS,FAN,A;;Epson_image\Epson PX6000_1584048095644.png
MECH-043;2078981;HARNESS,FAN,B;;Epson_image\Epson PX6000_1584048095644.png
MECH-043;1273729;COVER,FAN,RIGHT;;Epson_image\Epson PX6000_1584048095644.png
MECH-043;1219904;PAD,AIR SEAL,D;;Epson_image\Epson PX6000_1584048095644.png
MECH-043;1219868;DUCT,AIR,A;;Epson_image\Epson PX6000_1584048095644.png
MECH-043;2078977;HARNESS,COVER OPEN;;Epson_image\Epson PX6000_1584048095644.png
MECH-043;1269667;LEVER,ROLLER,SUB;;Epson_image\Epson PX6000_1584048095644.png
MECH-043;1270018;COVER,DUCT,C;;Epson_image\Epson PX6000_1584048095644.png
MECH-043;1270044;PAD,DUCT,RIGHT LOWER;;Epson_image\Epson PX6000_1584048095644.png
MECH-043;1219867;DUCT,AIR,C;;Epson_image\Epson PX6000_1584048095644.png
MECH-043;2080063;BOARD ASSY.,SUB-B;;Epson_image\Epson PX6000_1584048095644.png
MECH-043;2078968;HARNESS,MOTOR,PG;;Epson_image\Epson PX6000_1584048095644.png
MECH-043;1270021;PAD,FRAME,RIGHT;;Epson_image\Epson PX6000_1584048095644.png
MECH-043;2084899;MOTOR ASSY.,PG;;Epson_image\Epson PX6000_1584048095644.png
MECH-043;1219759;SPUR GEAR,36;;Epson_image\Epson PX6000_1584048095644.png
MECH-043;1230523;EXTENSION SPRG,11.4;;Epson_image\Epson PX6000_1584048095644.png
MECH-043;1249388;COMBINATION GEAR,13.6,20.8;;Epson_image\Epson PX6000_1584048095644.png
MECH-043;1219767;SPUR GEAR,16;;Epson_image\Epson PX6000_1584048095644.png
MECH-043;1219760;COMBINATION GEAR,40,20;;Epson_image\Epson PX6000_1584048095644.png
MECH-043;1219758;COMBINATION GEAR,56,8.8;;Epson_image\Epson PX6000_1584048095644.png
MECH-043;1219870;DUCT,AIR,B;;Epson_image\Epson PX6000_1584048095644.png
MECH-043;1259969;SHEET,PAPER GUIDE,PAPER EJECT,STACK;;Epson_image\Epson PX6000_1584048095644.png
MECH-043;1270020;PAD,DUCT,E;;Epson_image\Epson PX6000_1584048095644.png
MECH-043;1264223;GROUND SPRING,PAPER GUIDE,MIDDLE,LEFT;;Epson_image\Epson PX6000_1584048095644.png
MECH-043;2020393;DETECTOR,LEAF,B2;;Epson_image\Epson PX6000_1584048095644.png
MECH-043;1265567;COVER,DETECTOR,PAPER GUIDE,MIDDLE;;Epson_image\Epson PX6000_1584048095644.png
MECH-043;2084993;HARNESS,DETECTOR,PAPER GUIDE CENTER;;Epson_image\Epson PX6000_1584048095644.png
MECH-043;1273728;PAD,FAN;;Epson_image\Epson PX6000_1584048095644.png
MECH-043;1276760;POROUS PAD,FRAME,SUB,RIGHT;;Epson_image\Epson PX6000_1584048095644.png
MECH-043;1273504;CASE FEET,CP-30-FF-4A,BLACK;;Epson_image\Epson PX6000_1584048095644.png
MECH-043;2032086;QUARTZ OSCILLATOR;;Epson_image\Epson PX6000_1584048095644.png
MECH-043;2060188;CRYSTAL;;Epson_image\Epson PX6000_1584048095644.png
MECH-043;2029051;DIODE STACK;;Epson_image\Epson PX6000_1584048095644.png
MECH-043;2073111;VOLTAGE REGULATOR;;Epson_image\Epson PX6000_1584048095644.png
MECH-043;2060648;SDRAM;;Epson_image\Epson PX6000_1584048095644.png
MECH-043;2060648;SDRAM;;Epson_image\Epson PX6000_1584048095644.png
MECH-043;2036463;TRANSISTOR;;Epson_image\Epson PX6000_1584048095644.png
MECH-043;2036463;TRANSISTOR;;Epson_image\Epson PX6000_1584048095644.png
MECH-043;2046570;N-CH FET;;Epson_image\Epson PX6000_1584048095644.png
MECH-043;2080819;P-CH FET;;Epson_image\Epson PX6000_1584048095644.png
MECH-043;2060030;CONNECTOR;;Epson_image\Epson PX6000_1584048095644.png
MECH-043;2033895;DC FAN SET;;Epson_image\Epson PX6000_1584048095644.png
MECH-043;2060090;MICROCONTROLLER;;Epson_image\Epson PX6000_1584048095644.png
MECH-043;2060126;IC;;Epson_image\Epson PX6000_1584048095644.png
MECH-043;2036166;IC;;Epson_image\Epson PX6000_1584048095644.png
MECH-043;2082276;ASIC;;Epson_image\Epson PX6000_1584048095644.png
MECH-043;2060844;IC;;Epson_image\Epson PX6000_1584048095644.png
MECH-043;2031503;D/A CONVERTER;;Epson_image\Epson PX6000_1584048095644.png
MECH-043;2036339;HYBRID IC;;Epson_image\Epson PX6000_1584048095644.png
MECH-043;2036339;HYBRID IC;;Epson_image\Epson PX6000_1584048095644.png
MECH-043;2061113;HYBRID IC;;Epson_image\Epson PX6000_1584048095644.png
MECH-043;2060126;IC;;Epson_image\Epson PX6000_1584048095644.png
MECH-043;2102671;ASIC;;Epson_image\Epson PX6000_1584048095644.png
MECH-043;2054856;HYBRID IC;;Epson_image\Epson PX6000_1584048095644.png
MECH-055;F145001;PRINT HEAD, ASP;;Epson_image\Epson PX6000_1584048101244.png
MECH-055;1219702;CARRIAGE,B;;Epson_image\Epson PX6000_1584048101244.png
MECH-055;1290785;CARRIAGE,B, B;;Epson_image\Epson PX6000_1584048101244.png
MECH-055;1219751;PLATE,DAMPER;;Epson_image\Epson PX6000_1584048101244.png
MECH-055;1419222;VALVE ASSY.,HEAD, C,ESL,ASP;;Epson_image\Epson PX6000_1584048101244.png
MECH-055;1287667;GROUND PLATE,A, B;;Epson_image\Epson PX6000_1584048101244.png
MECH-055;1264204;POROUS PAD,CR;;Epson_image\Epson PX6000_1584048101244.png
MECH-055;1219704;CARRIAGE,C;;Epson_image\Epson PX6000_1584048101244.png
MECH-055;1290786;CARRIAGE,C, B;;Epson_image\Epson PX6000_1584048101244.png
MECH-055;1056164;ORING,CONECTOR M7;;Epson_image\Epson PX6000_1584048101244.png
MECH-055;1091107;CONNECTING SCREW,M7;;Epson_image\Epson PX6000_1584048101244.png
MECH-055;1235237;JOINT,3;;Epson_image\Epson PX6000_1584048101244.png
MECH-055;1249356;JOINT,3,L;;Epson_image\Epson PX6000_1584048101244.png
MECH-055;1288197;COVER,CR, B;;Epson_image\Epson PX6000_1584048101244.png
MECH-055;2080204;BOARD ASSY.,MULTISENSOR;;Epson_image\Epson PX6000_1584048101244.png
MECH-055;2078962;HARNESS,MULTISENSOR;;Epson_image\Epson PX6000_1584048101244.png
MECH-055;1261387;LABEL,CUT POSITION;;Epson_image\Epson PX6000_1584048101244.png
MECH-055;1219716;HOLDER,MULTISENSOR;;Epson_image\Epson PX6000_1584048101244.png
MECH-055;1300413;PLATE,BEARING,R, B;;Epson_image\Epson PX6000_1584048101244.png
MECH-055;1219748;CAM,INCLINATION,R;;Epson_image\Epson PX6000_1584048101244.png
MECH-055;1400962;LEVER,FASTEN,FOR TRANSFER, B;;Epson_image\Epson PX6000_1584048101244.png
MECH-055;1219709;SHAFT,CONNECTION;;Epson_image\Epson PX6000_1584048101244.png
MECH-055;1219711;HOLDER,BEARING;;Epson_image\Epson PX6000_1584048101244.png
MECH-055;1272861;COMPRESSION SPRING,27.8;;Epson_image\Epson PX6000_1584048101244.png
MECH-055;1260145;POLY SLIDER,STW-FT40,t0.25;;Epson_image\Epson PX6000_1584048101244.png
MECH-055;1219708;SHAFT,BEARING;;Epson_image\Epson PX6000_1584048101244.png
MECH-055;1219747;CAM,INCLINATION,L;;Epson_image\Epson PX6000_1584048101244.png
MECH-055;1230518;COMPRESSION SPRING,0.191;;Epson_image\Epson PX6000_1584048101244.png
MECH-055;1219730;SLIDER,CR LOCK;;Epson_image\Epson PX6000_1584048101244.png
MECH-055;1230517;COMPRESSION SPRING,0.52;;Epson_image\Epson PX6000_1584048101244.png
MECH-055;1287668;GROUND PLATE,B, B;;Epson_image\Epson PX6000_1584048101244.png
MECH-055;1219712;LEVER,INCLINATION;;Epson_image\Epson PX6000_1584048101244.png
MECH-055;1230515;EXTENSION SPRING,3.81;;Epson_image\Epson PX6000_1584048101244.png
MECH-055;1290784;CARRIAGE,A, B;;Epson_image\Epson PX6000_1584048101244.png
MECH-055;1300411;PLATE,BEARING,L, B;;Epson_image\Epson PX6000_1584048101244.png
MECH-055;1290787;LEVER,CAM, B;;Epson_image\Epson PX6000_1584048101244.png
MECH-055;1274133;STOPPER,CARRIAGE;;Epson_image\Epson PX6000_1584048101244.png
MECH-055;1219739;SHAFT,INCLINATION CAM;;Epson_image\Epson PX6000_1584048101244.png
MECH-055;2080197;HARNESS,HEAD;;Epson_image\Epson PX6000_1584048101244.png
MECH-055;2082703;HARNESS,HEAD,INTERMIT;;Epson_image\Epson PX6000_1584048101244.png
MECH-055;1276768;SHEET,FFC;;Epson_image\Epson PX6000_1584048101244.png
MECH-055;1296110;SOLENOID ASSY.,CR,SP;;Epson_image\Epson PX6000_1584048101244.png
MECH-055;1290562;ADJUST PLATE,CR,UPPER;;Epson_image\Epson PX6000_1584048101244.png
MECH-055;1290563;ADJUST PLATE,CR,LOWER;;Epson_image\Epson PX6000_1584048101244.png
MECH-055;1283931;C.B.P-TITE SCREW,2.6X8,F/ZN-3C;;Epson_image\Epson PX6000_1584048101244.png
MECH-055;1278341;SPACER,CARREAGE A;;Epson_image\Epson PX6000_1584048101244.png
MECH-055;1076308;BALL BEARING(B210151490);;Epson_image\Epson PX6000_1584048101244.png
MECH-055;1230523;EXTENSION SPRING,11.4;;Epson_image\Epson PX6000_1584048101244.png
MECH-055;1230520;EXTENSION SPRING,2.55;;Epson_image\Epson PX6000_1584048101244.png
MECH-055;1219777;LEVER,LOCK,PG;;Epson_image\Epson PX6000_1584048101244.png
MECH-055;1234017;EXTENSION SPRING,2.58;;Epson_image\Epson PX6000_1584048101244.png
MECH-055;1219741;LEVER,SCALE,CR;;Epson_image\Epson PX6000_1584048101244.png
MECH-055;1230519;EXTENSION SPRING,3.86;;Epson_image\Epson PX6000_1584048101244.png
MECH-055;1219738;SCALE,CR;;Epson_image\Epson PX6000_1584048101244.png
MECH-055;1219744;BELT,CR;;Epson_image\Epson PX6000_1584048101244.png
MECH-055;1219720;PULLEY,DRIVEN;;Epson_image\Epson PX6000_1584048101244.png
MECH-055;1219721;SHAFT,PULLEY;;Epson_image\Epson PX6000_1584048101244.png
MECH-055;1234322;COMPRESSION SPRING,29.4;;Epson_image\Epson PX6000_1584048101244.png
MECH-055;2032842;DETECTOR,HP, E;;Epson_image\Epson PX6000_1584048101244.png
MECH-055;1230524;BELT,PG;;Epson_image\Epson PX6000_1584048101244.png
MECH-055;2078958;HARNESS,DETECTOR,PG;;Epson_image\Epson PX6000_1584048101244.png
MECH-055;2032842;DETECTOR,HP, E;;Epson_image\Epson PX6000_1584048101244.png
MECH-055;1048919;BOARD ASSY.,ENCODER;;Epson_image\Epson PX6000_1584048101244.png
MECH-055;1219706;HOLDER,TUBE,B;;Epson_image\Epson PX6000_1584048101244.png
MECH-055;1270045;PAD,TUBE;;Epson_image\Epson PX6000_1584048101244.png
MECH-055;1219705;HOLDER,TUBE,A;;Epson_image\Epson PX6000_1584048101244.png
MECH-055;2080061;BOARD ASSY.,SUB;;Epson_image\Epson PX6000_1584048101244.png
MECH-055;2078961;HARNESS,ENCODER;;Epson_image\Epson PX6000_1584048101244.png
MECH-055;1219736;COVER,TUBE;;Epson_image\Epson PX6000_1584048101244.png
MECH-055;1219737;GUIDE,TUBE,CR;;Epson_image\Epson PX6000_1584048101244.png
MECH-055;1234020;SHEET,TUBE;;Epson_image\Epson PX6000_1584048101244.png
MECH-055;1219731;GUIDE PLATE,TUBE;;Epson_image\Epson PX6000_1584048101244.png
MECH-055;1219727;SHEET,SUS;;Epson_image\Epson PX6000_1584048101244.png
MECH-055;1289166;HOLDER,FFC, B;;Epson_image\Epson PX6000_1584048101244.png
MECH-055;2078957;HARNESS,DETECTOR,HP;;Epson_image\Epson PX6000_1584048101244.png
MECH-055;1076308;BALL BEARING(B210151490);;Epson_image\Epson PX6000_1584048101244.png
MECH-055;1278337;SPACER,MIDDLE,0.05;;Epson_image\Epson PX6000_1584048101244.png
MECH-055;1278338;SPACER,MIDDLE,0.1;;Epson_image\Epson PX6000_1584048101244.png
MECH-055;1278339;SPACER,MIDDLE,0.2;;Epson_image\Epson PX6000_1584048101244.png
MECH-055;1278340;SPACER,MIDDLE,0.5;;Epson_image\Epson PX6000_1584048101244.png
MECH-055;1278824;SPACER,MIDDLE,0.08;;Epson_image\Epson PX6000_1584048101244.png
MECH-065;F145001;PRINT HEAD, ASP;;Epson_image\Epson PX6000_1584048107574.png
MECH-065;1219702;CARRIAGE,B;;Epson_image\Epson PX6000_1584048107574.png
MECH-065;1290785;CARRIAGE,B, B;;Epson_image\Epson PX6000_1584048107574.png
MECH-065;1219751;PLATE,DAMPER;;Epson_image\Epson PX6000_1584048107574.png
MECH-065;1419222;VALVE ASSY.,HEAD, C,ESL,ASP;;Epson_image\Epson PX6000_1584048107574.png
MECH-065;1287667;GROUND PLATE,A, B;;Epson_image\Epson PX6000_1584048107574.png
MECH-065;1264204;POROUS PAD,CR;;Epson_image\Epson PX6000_1584048107574.png
MECH-065;1219704;CARRIAGE,C;;Epson_image\Epson PX6000_1584048107574.png
MECH-065;1290786;CARRIAGE,C, B;;Epson_image\Epson PX6000_1584048107574.png
MECH-065;1056164;ORING,CONECTOR M7;;Epson_image\Epson PX6000_1584048107574.png
MECH-065;1091107;CONNECTING SCREW,M7;;Epson_image\Epson PX6000_1584048107574.png
MECH-065;1235237;JOINT,3;;Epson_image\Epson PX6000_1584048107574.png
MECH-065;1249356;JOINT,3,L;;Epson_image\Epson PX6000_1584048107574.png
MECH-065;1288197;COVER,CR, B;;Epson_image\Epson PX6000_1584048107574.png
MECH-065;2080204;BOARD ASSY.,MULTISENSOR;;Epson_image\Epson PX6000_1584048107574.png
MECH-065;2078962;HARNESS,MULTISENSOR;;Epson_image\Epson PX6000_1584048107574.png
MECH-065;1261387;LABEL,CUT POSITION;;Epson_image\Epson PX6000_1584048107574.png
MECH-065;1219716;HOLDER,MULTISENSOR;;Epson_image\Epson PX6000_1584048107574.png
MECH-065;1300413;PLATE,BEARING,R, B;;Epson_image\Epson PX6000_1584048107574.png
MECH-065;1219748;CAM,INCLINATION,R;;Epson_image\Epson PX6000_1584048107574.png
MECH-065;1400962;LEVER,FASTEN,FOR TRANSFER, B;;Epson_image\Epson PX6000_1584048107574.png
MECH-065;1219709;SHAFT,CONNECTION;;Epson_image\Epson PX6000_1584048107574.png
MECH-065;1219711;HOLDER,BEARING;;Epson_image\Epson PX6000_1584048107574.png
MECH-065;1272861;COMPRESSION SPRING,27.8;;Epson_image\Epson PX6000_1584048107574.png
MECH-065;1260145;POLY SLIDER,STW-FT40,t0.25;;Epson_image\Epson PX6000_1584048107574.png
MECH-065;1219708;SHAFT,BEARING;;Epson_image\Epson PX6000_1584048107574.png
MECH-065;1219747;CAM,INCLINATION,L;;Epson_image\Epson PX6000_1584048107574.png
MECH-065;1230518;COMPRESSION SPRING,0.191;;Epson_image\Epson PX6000_1584048107574.png
MECH-065;1219730;SLIDER,CR LOCK;;Epson_image\Epson PX6000_1584048107574.png
MECH-065;1230517;COMPRESSION SPRING,0.52;;Epson_image\Epson PX6000_1584048107574.png
MECH-065;1287668;GROUND PLATE,B, B;;Epson_image\Epson PX6000_1584048107574.png
MECH-065;1219712;LEVER,INCLINATION;;Epson_image\Epson PX6000_1584048107574.png
MECH-065;1230515;EXTENSION SPRING,3.81;;Epson_image\Epson PX6000_1584048107574.png
MECH-065;1290784;CARRIAGE,A, B;;Epson_image\Epson PX6000_1584048107574.png
MECH-065;1300411;PLATE,BEARING,L, B;;Epson_image\Epson PX6000_1584048107574.png
MECH-065;1290787;LEVER,CAM, B;;Epson_image\Epson PX6000_1584048107574.png
MECH-065;1274133;STOPPER,CARRIAGE;;Epson_image\Epson PX6000_1584048107574.png
MECH-065;1219739;SHAFT,INCLINATION CAM;;Epson_image\Epson PX6000_1584048107574.png
MECH-065;2080197;HARNESS,HEAD;;Epson_image\Epson PX6000_1584048107574.png
MECH-065;2082703;HARNESS,HEAD,INTERMIT;;Epson_image\Epson PX6000_1584048107574.png
MECH-065;1276768;SHEET,FFC;;Epson_image\Epson PX6000_1584048107574.png
MECH-065;1296110;SOLENOID ASSY.,CR,SP;;Epson_image\Epson PX6000_1584048107574.png
MECH-065;1290562;ADJUST PLATE,CR,UPPER;;Epson_image\Epson PX6000_1584048107574.png
MECH-065;1290563;ADJUST PLATE,CR,LOWER;;Epson_image\Epson PX6000_1584048107574.png
MECH-065;1283931;C.B.P-TITE SCREW,2.6X8,F/ZN-3C;;Epson_image\Epson PX6000_1584048107574.png
MECH-065;1278341;SPACER,CARREAGE A;;Epson_image\Epson PX6000_1584048107574.png
MECH-065;1076308;BALL BEARING(B210151490);;Epson_image\Epson PX6000_1584048107574.png
MECH-065;1230523;EXTENSION SPRING,11.4;;Epson_image\Epson PX6000_1584048107574.png
MECH-065;1230520;EXTENSION SPRING,2.55;;Epson_image\Epson PX6000_1584048107574.png
MECH-065;1219777;LEVER,LOCK,PG;;Epson_image\Epson PX6000_1584048107574.png
MECH-065;1234017;EXTENSION SPRING,2.58;;Epson_image\Epson PX6000_1584048107574.png
MECH-065;1219741;LEVER,SCALE,CR;;Epson_image\Epson PX6000_1584048107574.png
MECH-065;1230519;EXTENSION SPRING,3.86;;Epson_image\Epson PX6000_1584048107574.png
MECH-065;1219738;SCALE,CR;;Epson_image\Epson PX6000_1584048107574.png
MECH-065;1219744;BELT,CR;;Epson_image\Epson PX6000_1584048107574.png
MECH-065;1219720;PULLEY,DRIVEN;;Epson_image\Epson PX6000_1584048107574.png
MECH-065;1219721;SHAFT,PULLEY;;Epson_image\Epson PX6000_1584048107574.png
MECH-065;1234322;COMPRESSION SPRING,29.4;;Epson_image\Epson PX6000_1584048107574.png
MECH-065;2032842;DETECTOR,HP, E;;Epson_image\Epson PX6000_1584048107574.png
MECH-065;1230524;BELT,PG;;Epson_image\Epson PX6000_1584048107574.png
MECH-065;2078958;HARNESS,DETECTOR,PG;;Epson_image\Epson PX6000_1584048107574.png
MECH-065;2032842;DETECTOR,HP, E;;Epson_image\Epson PX6000_1584048107574.png
MECH-065;1048919;BOARD ASSY.,ENCODER;;Epson_image\Epson PX6000_1584048107574.png
MECH-065;1219706;HOLDER,TUBE,B;;Epson_image\Epson PX6000_1584048107574.png
MECH-065;1270045;PAD,TUBE;;Epson_image\Epson PX6000_1584048107574.png
MECH-065;1219705;HOLDER,TUBE,A;;Epson_image\Epson PX6000_1584048107574.png
MECH-065;2080061;BOARD ASSY.,SUB;;Epson_image\Epson PX6000_1584048107574.png
MECH-065;2078961;HARNESS,ENCODER;;Epson_image\Epson PX6000_1584048107574.png
MECH-065;1219736;COVER,TUBE;;Epson_image\Epson PX6000_1584048107574.png
MECH-065;1219737;GUIDE,TUBE,CR;;Epson_image\Epson PX6000_1584048107574.png
MECH-065;1234020;SHEET,TUBE;;Epson_image\Epson PX6000_1584048107574.png
MECH-065;1219731;GUIDE PLATE,TUBE;;Epson_image\Epson PX6000_1584048107574.png
MECH-065;1219727;SHEET,SUS;;Epson_image\Epson PX6000_1584048107574.png
MECH-065;1289166;HOLDER,FFC, B;;Epson_image\Epson PX6000_1584048107574.png
MECH-065;2078957;HARNESS,DETECTOR,HP;;Epson_image\Epson PX6000_1584048107574.png
MECH-065;1076308;BALL BEARING(B210151490);;Epson_image\Epson PX6000_1584048107574.png
MECH-065;1278337;SPACER,MIDDLE,0.05;;Epson_image\Epson PX6000_1584048107574.png
MECH-065;1278338;SPACER,MIDDLE,0.1;;Epson_image\Epson PX6000_1584048107574.png
MECH-065;1278339;SPACER,MIDDLE,0.2;;Epson_image\Epson PX6000_1584048107574.png
MECH-065;1278340;SPACER,MIDDLE,0.5;;Epson_image\Epson PX6000_1584048107574.png
MECH-065;1278824;SPACER,MIDDLE,0.08;;Epson_image\Epson PX6000_1584048107574.png
MECH-073;2020393;DETECTOR,LEAF,B2;;Epson_image\Epson PX6000_1584048113040.png
MECH-073;2078954;HARNESS,PAPER EJECT PHASE,LEFT;;Epson_image\Epson PX6000_1584048113040.png
MECH-073;1219914;LEVER,CHANGE PAPER EJECT,L;;Epson_image\Epson PX6000_1584048113040.png
MECH-073;1230544;EXTENSION SPRING,6.99;;Epson_image\Epson PX6000_1584048113040.png
MECH-073;1269788;MOUNT ASSY.,PLATE,MOTOR,ASF,SP;;Epson_image\Epson PX6000_1584048113040.png
MECH-073;1219686;COMBINATION GEAR,12,22.4;;Epson_image\Epson PX6000_1584048113040.png
MECH-073;1219691;SPUR GEAR,25.6;;Epson_image\Epson PX6000_1584048113040.png
MECH-073;1219693;COMBINATION GEAR,12.8,36;;Epson_image\Epson PX6000_1584048113040.png
MECH-073;1219688;COMBINATION GEAR,13.6,28.8;;Epson_image\Epson PX6000_1584048113040.png
MECH-073;1219768;SPUR GEAR,20;;Epson_image\Epson PX6000_1584048113040.png
MECH-073;1405100;HOLDER,PLANET,RELEASE, B;;Epson_image\Epson PX6000_1584048113040.png
MECH-073;1219821;SPUR GEAR,16,RELEASE;;Epson_image\Epson PX6000_1584048113040.png
MECH-073;1219820;SPUR GEAR,22,RELEASE;;Epson_image\Epson PX6000_1584048113040.png
MECH-073;1264474;POLY SLIDER,STW-FT70,t0.25;;Epson_image\Epson PX6000_1584048113040.png
MECH-073;1035494;COMPRESSION SPRING,0.98;;Epson_image\Epson PX6000_1584048113040.png
MECH-073;1270016;SHEET,FRAME,RIGHT;;Epson_image\Epson PX6000_1584048113040.png
MECH-073;1230512;EXTENSION SPRING,2.41;;Epson_image\Epson PX6000_1584048113040.png
MECH-073;1219681;LEVER,LOCK,DE;;Epson_image\Epson PX6000_1584048113040.png
MECH-073;1230539;SPUR GEAR,38;;Epson_image\Epson PX6000_1584048113040.png
MECH-073;1219822;INTERMITTENT GEAR,RELEASE,TRANSMIT;;Epson_image\Epson PX6000_1584048113040.png
MECH-073;1219818;COMBINATION GEAR,22,16.8;;Epson_image\Epson PX6000_1584048113040.png
MECH-073;1219695;COMBINATION GEAR,16.74,24;;Epson_image\Epson PX6000_1584048113040.png
MECH-073;1219883;SPUR GEAR,28;;Epson_image\Epson PX6000_1584048113040.png
MECH-073;1219890;SPUR GEAR,33.6,B;;Epson_image\Epson PX6000_1584048113040.png
MECH-073;1219694;SPUR GEAR,33.6;;Epson_image\Epson PX6000_1584048113040.png
MECH-073;1219891;COMBINATION GEAR,24,36;;Epson_image\Epson PX6000_1584048113040.png
MECH-073;1219886;COMBINATION GEAR,19.2,33.6;;Epson_image\Epson PX6000_1584048113040.png
MECH-073;1219888;HOLDER,PLANET,CHANGE PAPER EJECT;;Epson_image\Epson PX6000_1584048113040.png
MECH-073;1219889;SPUR GEAR,17.6,PLANET;;Epson_image\Epson PX6000_1584048113040.png
MECH-073;1219885;SPUR GEAR,32.8,A;;Epson_image\Epson PX6000_1584048113040.png
MECH-073;1219916;SPUR GEAR,44,PAPER EJECT;;Epson_image\Epson PX6000_1584048113040.png
MECH-073;1219909;LEVER,CHANGE PAPER EJECT,R;;Epson_image\Epson PX6000_1584048113040.png
MECH-073;1295050;LEVER,LOCK,CHANGE PAPER EJECT,R, B;;Epson_image\Epson PX6000_1584048113040.png
MECH-073;1230543;EXTENSION SPRING,6.71;;Epson_image\Epson PX6000_1584048113040.png
MECH-073;2080879;HARNESS,PAPER EJECT PHASE,RIGHT;;Epson_image\Epson PX6000_1584048113040.png
MECH-073;1219764;LEVER,LOCK,PLANET;;Epson_image\Epson PX6000_1584048113040.png
MECH-073;1219761;COMBINATION GEAR,36,8.8;;Epson_image\Epson PX6000_1584048113040.png
MECH-073;1268876;PLATE ASSY.,ROLLER,BRAKE,UPPER;;Epson_image\Epson PX6000_1584048113040.png
MECH-073;1268703;ROLLER ASSY.,BRAKE;;Epson_image\Epson PX6000_1584048113040.png
MECH-073;1268894;EXTENSION SPRING,1.38;;Epson_image\Epson PX6000_1584048113040.png
MECH-073;1268889;PLATE ASSY.,ROLLER,BRAKE,LOWER;;Epson_image\Epson PX6000_1584048113040.png
MECH-073;1219765;SPUR GEAR,20,PLANET;;Epson_image\Epson PX6000_1584048113040.png
MECH-073;1219763;SPUR GEAR,16,PLANET;;Epson_image\Epson PX6000_1584048113040.png
MECH-073;1230525;COMPRESSION SPRING,3.38;;Epson_image\Epson PX6000_1584048113040.png
MECH-073;1264206;COMPRESSION SPRING,0.78;;Epson_image\Epson PX6000_1584048113040.png
MECH-073;1219762;HOLDER,PLANET;;Epson_image\Epson PX6000_1584048113040.png
MECH-073;2035504;BOARD ASSY.,ENCODER;;Epson_image\Epson PX6000_1584048113040.png
MECH-073;2078975;HARNESS,ENCODER,PF;;Epson_image\Epson PX6000_1584048113040.png
MECH-073;1219802;HOLDER,SENSOR;;Epson_image\Epson PX6000_1584048113040.png
MECH-073;1219809;PULLEY,BELT TENSION;;Epson_image\Epson PX6000_1584048113040.png
MECH-073;1230531;EXTENSION SPRING,15.98;;Epson_image\Epson PX6000_1584048113040.png
MECH-073;1230536;INTERMITTENT GEAR,40;;Epson_image\Epson PX6000_1584048113040.png
MECH-073;1230537;SPUR GEAR,18;;Epson_image\Epson PX6000_1584048113040.png
MECH-073;1219843;LEVER,RELEASE,ROLLER,DRIVEN;;Epson_image\Epson PX6000_1584048113040.png
MECH-073;1230535;TORSION SPRING,615;;Epson_image\Epson PX6000_1584048113040.png
MECH-073;1230890;FRAME ASSY.,LEVER,RELEASE;;Epson_image\Epson PX6000_1584048113040.png
MECH-073;2078940;HARNESS,PAPER THICKNESS,1;;Epson_image\Epson PX6000_1584048113040.png
MECH-073;1219853;HOLDER,DETECTOR,PAPER THICKNESS;;Epson_image\Epson PX6000_1584048113040.png
MECH-073;2032842;DETECTOR,HP, E;;Epson_image\Epson PX6000_1584048113040.png
MECH-073;2078955;HARNESS,PAPER THICKNESS,2;;Epson_image\Epson PX6000_1584048113040.png
MECH-073;1230534;EXTENSION SPRING,8.08;;Epson_image\Epson PX6000_1584048113040.png
MECH-073;1219851;LEVER,DETECTOR,PAPER THICKNESS,A;;Epson_image\Epson PX6000_1584048113040.png
MECH-073;1219852;LEVER,DETECTOR,PAPER THICKNESS,B;;Epson_image\Epson PX6000_1584048113040.png
MECH-073;1270673;EXTENSION SPRING,0.22;;Epson_image\Epson PX6000_1584048113040.png
MECH-073;2080203;MOTOR ASSY.,CR;;Epson_image\Epson PX6000_1584048113040.png
MECH-073;1219849;SHAFT,HOLDER,ROLLER,REAR;;Epson_image\Epson PX6000_1584048113040.png
MECH-073;1219607;FRAME,SUB,HOLDER,ROLLER,REAR;;Epson_image\Epson PX6000_1584048113040.png
MECH-073;1219845;SHAFT,RELEASE,ROLLER,DRIVEN;;Epson_image\Epson PX6000_1584048113040.png
MECH-073;1219846;ROLLER,REAR;;Epson_image\Epson PX6000_1584048113040.png
MECH-073;1219847;HOLDER,ROLLER,REAR;;Epson_image\Epson PX6000_1584048113040.png
MECH-073;1266873;TORSION SPRING,41.2;;Epson_image\Epson PX6000_1584048113040.png
MECH-073;1219848;ROLLER,GUIDE,ROLLER PAPER;;Epson_image\Epson PX6000_1584048113040.png
MECH-073;1035402;ROLLER,LOADING,2;;Epson_image\Epson PX6000_1584048113040.png
MECH-073;1219842;HOLDER,ROLLER,ROLLER PAPER;;Epson_image\Epson PX6000_1584048113040.png
MECH-073;1219608;GUIDE,ROLLED PAPER;;Epson_image\Epson PX6000_1584048113040.png
MECH-073;1219844;MOUNT PLATE,DETECTOR,REAR;;Epson_image\Epson PX6000_1584048113040.png
MECH-073;2078953;HARNESS,HAND INSERTION,REAR;;Epson_image\Epson PX6000_1584048113040.png
MECH-073;1269796;PAPER GUIDE ASSY.,M,SP;;Epson_image\Epson PX6000_1584048113040.png
MECH-073;1230533;COMPRESSION SPRING,3.47;;Epson_image\Epson PX6000_1584048113040.png
MECH-073;1219840;LEVER,LOCK,PAPER GUIDE,MIDDLE;;Epson_image\Epson PX6000_1584048113040.png
MECH-073;1219832;GROUND SPRING,PAPER GUIDE,MIDDLE;;Epson_image\Epson PX6000_1584048113040.png
MECH-073;1219850;HOLDER,DETECTOR,PE;;Epson_image\Epson PX6000_1584048113040.png
MECH-073;2023967;BOARD ASSY.,PW;;Epson_image\Epson PX6000_1584048113040.png
MECH-073;2078976;HARNESS,DETECTOR,PE;;Epson_image\Epson PX6000_1584048113040.png
MECH-073;2021301;DETECTOR,PE;;Epson_image\Epson PX6000_1584048113040.png
MECH-073;1300544;PG TRANSMIT ASSY.,C593;;Epson_image\Epson PX6000_1584048113040.png
MECH-083;2020393;DETECTOR,LEAF,B2;;Epson_image\Epson PX6000_1584048116480.png
MECH-083;2078954;HARNESS,PAPER EJECT PHASE,LEFT;;Epson_image\Epson PX6000_1584048116480.png
MECH-083;1219914;LEVER,CHANGE PAPER EJECT,L;;Epson_image\Epson PX6000_1584048116480.png
MECH-083;1230544;EXTENSION SPRING,6.99;;Epson_image\Epson PX6000_1584048116480.png
MECH-083;1269788;MOUNT ASSY.,PLATE,MOTOR,ASF,SP;;Epson_image\Epson PX6000_1584048116480.png
MECH-083;1219686;COMBINATION GEAR,12,22.4;;Epson_image\Epson PX6000_1584048116480.png
MECH-083;1219691;SPUR GEAR,25.6;;Epson_image\Epson PX6000_1584048116480.png
MECH-083;1219693;COMBINATION GEAR,12.8,36;;Epson_image\Epson PX6000_1584048116480.png
MECH-083;1219688;COMBINATION GEAR,13.6,28.8;;Epson_image\Epson PX6000_1584048116480.png
MECH-083;1219768;SPUR GEAR,20;;Epson_image\Epson PX6000_1584048116480.png
MECH-083;1405100;HOLDER,PLANET,RELEASE, B;;Epson_image\Epson PX6000_1584048116480.png
MECH-083;1219821;SPUR GEAR,16,RELEASE;;Epson_image\Epson PX6000_1584048116480.png
MECH-083;1219820;SPUR GEAR,22,RELEASE;;Epson_image\Epson PX6000_1584048116480.png
MECH-083;1264474;POLY SLIDER,STW-FT70,t0.25;;Epson_image\Epson PX6000_1584048116480.png
MECH-083;1035494;COMPRESSION SPRING,0.98;;Epson_image\Epson PX6000_1584048116480.png
MECH-083;1270016;SHEET,FRAME,RIGHT;;Epson_image\Epson PX6000_1584048116480.png
MECH-083;1230512;EXTENSION SPRING,2.41;;Epson_image\Epson PX6000_1584048116480.png
MECH-083;1219681;LEVER,LOCK,DE;;Epson_image\Epson PX6000_1584048116480.png
MECH-083;1230539;SPUR GEAR,38;;Epson_image\Epson PX6000_1584048116480.png
MECH-083;1219822;INTERMITTENT GEAR,RELEASE,TRANSMIT;;Epson_image\Epson PX6000_1584048116480.png
MECH-083;1219818;COMBINATION GEAR,22,16.8;;Epson_image\Epson PX6000_1584048116480.png
MECH-083;1219695;COMBINATION GEAR,16.74,24;;Epson_image\Epson PX6000_1584048116480.png
MECH-083;1219883;SPUR GEAR,28;;Epson_image\Epson PX6000_1584048116480.png
MECH-083;1219890;SPUR GEAR,33.6,B;;Epson_image\Epson PX6000_1584048116480.png
MECH-083;1219694;SPUR GEAR,33.6;;Epson_image\Epson PX6000_1584048116480.png
MECH-083;1219891;COMBINATION GEAR,24,36;;Epson_image\Epson PX6000_1584048116480.png
MECH-083;1219886;COMBINATION GEAR,19.2,33.6;;Epson_image\Epson PX6000_1584048116480.png
MECH-083;1219888;HOLDER,PLANET,CHANGE PAPER EJECT;;Epson_image\Epson PX6000_1584048116480.png
MECH-083;1219889;SPUR GEAR,17.6,PLANET;;Epson_image\Epson PX6000_1584048116480.png
MECH-083;1219885;SPUR GEAR,32.8,A;;Epson_image\Epson PX6000_1584048116480.png
MECH-083;1219916;SPUR GEAR,44,PAPER EJECT;;Epson_image\Epson PX6000_1584048116480.png
MECH-083;1219909;LEVER,CHANGE PAPER EJECT,R;;Epson_image\Epson PX6000_1584048116480.png
MECH-083;1295050;LEVER,LOCK,CHANGE PAPER EJECT,R, B;;Epson_image\Epson PX6000_1584048116480.png
MECH-083;1230543;EXTENSION SPRING,6.71;;Epson_image\Epson PX6000_1584048116480.png
MECH-083;2080879;HARNESS,PAPER EJECT PHASE,RIGHT;;Epson_image\Epson PX6000_1584048116480.png
MECH-083;1219764;LEVER,LOCK,PLANET;;Epson_image\Epson PX6000_1584048116480.png
MECH-083;1219761;COMBINATION GEAR,36,8.8;;Epson_image\Epson PX6000_1584048116480.png
MECH-083;1268876;PLATE ASSY.,ROLLER,BRAKE,UPPER;;Epson_image\Epson PX6000_1584048116480.png
MECH-083;1268703;ROLLER ASSY.,BRAKE;;Epson_image\Epson PX6000_1584048116480.png
MECH-083;1268894;EXTENSION SPRING,1.38;;Epson_image\Epson PX6000_1584048116480.png
MECH-083;1268889;PLATE ASSY.,ROLLER,BRAKE,LOWER;;Epson_image\Epson PX6000_1584048116480.png
MECH-083;1219765;SPUR GEAR,20,PLANET;;Epson_image\Epson PX6000_1584048116480.png
MECH-083;1219763;SPUR GEAR,16,PLANET;;Epson_image\Epson PX6000_1584048116480.png
MECH-083;1230525;COMPRESSION SPRING,3.38;;Epson_image\Epson PX6000_1584048116480.png
MECH-083;1264206;COMPRESSION SPRING,0.78;;Epson_image\Epson PX6000_1584048116480.png
MECH-083;1219762;HOLDER,PLANET;;Epson_image\Epson PX6000_1584048116480.png
MECH-083;2035504;BOARD ASSY.,ENCODER;;Epson_image\Epson PX6000_1584048116480.png
MECH-083;2078975;HARNESS,ENCODER,PF;;Epson_image\Epson PX6000_1584048116480.png
MECH-083;1219802;HOLDER,SENSOR;;Epson_image\Epson PX6000_1584048116480.png
MECH-083;1219809;PULLEY,BELT TENSION;;Epson_image\Epson PX6000_1584048116480.png
MECH-083;1230531;EXTENSION SPRING,15.98;;Epson_image\Epson PX6000_1584048116480.png
MECH-083;1230536;INTERMITTENT GEAR,40;;Epson_image\Epson PX6000_1584048116480.png
MECH-083;1230537;SPUR GEAR,18;;Epson_image\Epson PX6000_1584048116480.png
MECH-083;1219843;LEVER,RELEASE,ROLLER,DRIVEN;;Epson_image\Epson PX6000_1584048116480.png
MECH-083;1230535;TORSION SPRING,615;;Epson_image\Epson PX6000_1584048116480.png
MECH-083;1230890;FRAME ASSY.,LEVER,RELEASE;;Epson_image\Epson PX6000_1584048116480.png
MECH-083;2078940;HARNESS,PAPER THICKNESS,1;;Epson_image\Epson PX6000_1584048116480.png
MECH-083;1219853;HOLDER,DETECTOR,PAPER THICKNESS;;Epson_image\Epson PX6000_1584048116480.png
MECH-083;2032842;DETECTOR,HP, E;;Epson_image\Epson PX6000_1584048116480.png
MECH-083;2078955;HARNESS,PAPER THICKNESS,2;;Epson_image\Epson PX6000_1584048116480.png
MECH-083;1230534;EXTENSION SPRING,8.08;;Epson_image\Epson PX6000_1584048116480.png
MECH-083;1219851;LEVER,DETECTOR,PAPER THICKNESS,A;;Epson_image\Epson PX6000_1584048116480.png
MECH-083;1219852;LEVER,DETECTOR,PAPER THICKNESS,B;;Epson_image\Epson PX6000_1584048116480.png
MECH-083;1270673;EXTENSION SPRING,0.22;;Epson_image\Epson PX6000_1584048116480.png
MECH-083;2080203;MOTOR ASSY.,CR;;Epson_image\Epson PX6000_1584048116480.png
MECH-083;1219849;SHAFT,HOLDER,ROLLER,REAR;;Epson_image\Epson PX6000_1584048116480.png
MECH-083;1219607;FRAME,SUB,HOLDER,ROLLER,REAR;;Epson_image\Epson PX6000_1584048116480.png
MECH-083;1219845;SHAFT,RELEASE,ROLLER,DRIVEN;;Epson_image\Epson PX6000_1584048116480.png
MECH-083;1219846;ROLLER,REAR;;Epson_image\Epson PX6000_1584048116480.png
MECH-083;1219847;HOLDER,ROLLER,REAR;;Epson_image\Epson PX6000_1584048116480.png
MECH-083;1266873;TORSION SPRING,41.2;;Epson_image\Epson PX6000_1584048116480.png
MECH-083;1219848;ROLLER,GUIDE,ROLLER PAPER;;Epson_image\Epson PX6000_1584048116480.png
MECH-083;1035402;ROLLER,LOADING,2;;Epson_image\Epson PX6000_1584048116480.png
MECH-083;1219842;HOLDER,ROLLER,ROLLER PAPER;;Epson_image\Epson PX6000_1584048116480.png
MECH-083;1219608;GUIDE,ROLLED PAPER;;Epson_image\Epson PX6000_1584048116480.png
MECH-083;1219844;MOUNT PLATE,DETECTOR,REAR;;Epson_image\Epson PX6000_1584048116480.png
MECH-083;2078953;HARNESS,HAND INSERTION,REAR;;Epson_image\Epson PX6000_1584048116480.png
MECH-083;1269796;PAPER GUIDE ASSY.,M,SP;;Epson_image\Epson PX6000_1584048116480.png
MECH-083;1230533;COMPRESSION SPRING,3.47;;Epson_image\Epson PX6000_1584048116480.png
MECH-083;1219840;LEVER,LOCK,PAPER GUIDE,MIDDLE;;Epson_image\Epson PX6000_1584048116480.png
MECH-083;1219832;GROUND SPRING,PAPER GUIDE,MIDDLE;;Epson_image\Epson PX6000_1584048116480.png
MECH-083;1219850;HOLDER,DETECTOR,PE;;Epson_image\Epson PX6000_1584048116480.png
MECH-083;2023967;BOARD ASSY.,PW;;Epson_image\Epson PX6000_1584048116480.png
MECH-083;2078976;HARNESS,DETECTOR,PE;;Epson_image\Epson PX6000_1584048116480.png
MECH-083;2021301;DETECTOR,PE;;Epson_image\Epson PX6000_1584048116480.png
MECH-083;1300544;PG TRANSMIT ASSY.,C593;;Epson_image\Epson PX6000_1584048116480.png
MECH-096;1219908;ROLLER ASSY.,PAPER EJECT;;Epson_image\Epson PX6000_1584048119562.png
MECH-096;1219919;PULLEY,PAPER EJECT ROLLER;;Epson_image\Epson PX6000_1584048119562.png
MECH-096;1230547;EXTENSION SPRING,0.871;;Epson_image\Epson PX6000_1584048119562.png
MECH-096;1219961;WHEEL,DETECTION;;Epson_image\Epson PX6000_1584048119562.png
MECH-096;2032842;DETECTOR,HP, E;;Epson_image\Epson PX6000_1584048119562.png
MECH-096;1269790;STAR WHEEL Assy.,SP;;Epson_image\Epson PX6000_1584048119562.png
MECH-096;1299759;STAR WHEEL Assy.,SP;;Epson_image\Epson PX6000_1584048119562.png
MECH-096;1219882;SPUR GEAR,15.2;;Epson_image\Epson PX6000_1584048119562.png
MECH-096;1048957;SCALLOP SPRING PIN-AW,2X10,F/B;;Epson_image\Epson PX6000_1584048119562.png
MECH-096;2078956;HARNESS,LOAD PHASE;;Epson_image\Epson PX6000_1584048119562.png
MECH-096;1219922;HOLDER,PAPER EJECT ROLLER;;Epson_image\Epson PX6000_1584048119562.png
MECH-096;1259060;PAPER GUIDE ASSY.,PAPER EJECT,FRONT,LEFT;;Epson_image\Epson PX6000_1584048119562.png
MECH-096;1272798;POROUS PAD,I;;Epson_image\Epson PX6000_1584048119562.png
MECH-096;1272797;POROUS PAD,H;;Epson_image\Epson PX6000_1584048119562.png
MECH-096;1272795;POROUS PAD,G;;Epson_image\Epson PX6000_1584048119562.png
MECH-096;1272793;POROUS PAD,F;;Epson_image\Epson PX6000_1584048119562.png
MECH-096;1259058;PAPER GUIDE ASSY.,PAPER EJECT,FRONT,RIGHT;;Epson_image\Epson PX6000_1584048119562.png
MECH-096;1272790;POROUS PAD,C2;;Epson_image\Epson PX6000_1584048119562.png
MECH-096;1272789;POROUS PAD,B2;;Epson_image\Epson PX6000_1584048119562.png
MECH-096;1259059;PAPER GUIDE ASSY.,PAPER EJECT,FRONT,MIDDLE;;Epson_image\Epson PX6000_1584048119562.png
MECH-096;1272791;POROUS PAD,D2;;Epson_image\Epson PX6000_1584048119562.png
MECH-096;1269614;PAD,AIRSEAL,E;;Epson_image\Epson PX6000_1584048119562.png
MECH-096;1219865;BUSHING,SPACER,PLATEN;;Epson_image\Epson PX6000_1584048119562.png
MECH-096;1270015;SPACER,PAPER EJECT;;Epson_image\Epson PX6000_1584048119562.png
MECH-096;1274765;PAPER GUIDE,REAR ASSY.;;Epson_image\Epson PX6000_1584048119562.png
MECH-096;1264203;SPACER,PLATE,CUTTER,D;;Epson_image\Epson PX6000_1584048119562.png
MECH-096;1264202;SPACER,PLATE,CUTTER,C;;Epson_image\Epson PX6000_1584048119562.png
MECH-096;1264201;SPACER,PLATE,CUTTER,B;;Epson_image\Epson PX6000_1584048119562.png
MECH-096;1264200;SPACER,PLATE,CUTTER,A;;Epson_image\Epson PX6000_1584048119562.png
MECH-096;1290203;STAR WHEEL ASSY.;;Epson_image\Epson PX6000_1584048119562.png
MECH-096;1269797;ASF UNIT,SP;;Epson_image\Epson PX6000_1584048119562.png
MECH-096;1219949;CORK,PAPER FEED;;Epson_image\Epson PX6000_1584048119562.png
MECH-096;1035697;LEVER,LOCK,EDGE GUIDE;;Epson_image\Epson PX6000_1584048119562.png
MECH-096;1264623;COVER,EDGE GUIDE;;Epson_image\Epson PX6000_1584048119562.png
MECH-096;1264622;LEVER,EDGE GUIDE;;Epson_image\Epson PX6000_1584048119562.png
MECH-096;1035696;COMPRESSION SPRING,0.46;;Epson_image\Epson PX6000_1584048119562.png
MECH-096;1030960;COMPRESSION SPRING,3.23;;Epson_image\Epson PX6000_1584048119562.png
MECH-096;1219948;SLIDER,EDGE GUIDE;;Epson_image\Epson PX6000_1584048119562.png
MECH-096;1264118;GUIDE,LOWER;;Epson_image\Epson PX6000_1584048119562.png
MECH-096;1266425;EXTENSION SPRING,1.11;;Epson_image\Epson PX6000_1584048119562.png
MECH-096;1230550;COMPRESSION SPRING,0.40;;Epson_image\Epson PX6000_1584048119562.png
MECH-096;1219936;ROLLER,SUB,LD,MIDDLE;;Epson_image\Epson PX6000_1584048119562.png
MECH-096;1230552;COMPRESSION SPRING,0.407;;Epson_image\Epson PX6000_1584048119562.png
MECH-096;1235932;ROLLER ASSY.,LD,LEFT;;Epson_image\Epson PX6000_1584048119562.png
MECH-096;1219953;COVER,ROLLER,LD,LEFT;;Epson_image\Epson PX6000_1584048119562.png
MECH-096;1219952;COVER,ROLLER,LD,RIGHT;;Epson_image\Epson PX6000_1584048119562.png
MECH-096;1235931;ROLLER ASSY.,LD,RIGHT;;Epson_image\Epson PX6000_1584048119562.png
MECH-096;1030449;LEVER,PAD,RELEASE,LEFT;;Epson_image\Epson PX6000_1584048119562.png
MECH-096;1030420;ROD SPRING,HOLDER,PAD;;Epson_image\Epson PX6000_1584048119562.png
MECH-096;1030450;LEVER,PAD,RELEASE,RIGHT;;Epson_image\Epson PX6000_1584048119562.png
MECH-096;1036874;EXTENSION SPRING,0.62;;Epson_image\Epson PX6000_1584048119562.png
MECH-096;1301888;COMPRESSION SPRING,1.47;;Epson_image\Epson PX6000_1584048119562.png
MECH-096;1219942;LEVER,PAPER RETURN,LEFT;;Epson_image\Epson PX6000_1584048119562.png
MECH-096;1040646;EXTENSION SPRING,0.294;;Epson_image\Epson PX6000_1584048119562.png
MECH-096;1219940;HOLDER,ROLLER,LD,SUPPORT,LEFT;;Epson_image\Epson PX6000_1584048119562.png
MECH-096;1279035;ROLLER,LD,SUPPORT;;Epson_image\Epson PX6000_1584048119562.png
MECH-096;1219941;LEVER,PAPER RETURN,RIGHT;;Epson_image\Epson PX6000_1584048119562.png
MECH-096;1219938;HOLDER,ROLLER,LD,SUPPORT,RIGHT;;Epson_image\Epson PX6000_1584048119562.png
MECH-096;1219960;BUSHING,LOCK,11.4;;Epson_image\Epson PX6000_1584048119562.png
MECH-096;1219968;GROUND SPRING,ASF;;Epson_image\Epson PX6000_1584048119562.png
MECH-096;1219959;LEVER,HOPPER,RELEASE;;Epson_image\Epson PX6000_1584048119562.png
MECH-096;1219963;LEVER,LOCK,EDGE GUIDE;;Epson_image\Epson PX6000_1584048119562.png
MECH-096;1264205;EXTENSION SPRING,0.33;;Epson_image\Epson PX6000_1584048119562.png
MECH-096;1230898;FRAME ASSY.,ASF,LOWER;;Epson_image\Epson PX6000_1584048119562.png
MECH-096;1219929;FRAME,ASF,RIGHT;;Epson_image\Epson PX6000_1584048119562.png
MECH-096;1219962;GEAR,44.74;;Epson_image\Epson PX6000_1584048119562.png
MECH-102;1219908;ROLLER ASSY.,PAPER EJECT;;Epson_image\Epson PX6000_1584048125256.png
MECH-102;1219919;PULLEY,PAPER EJECT ROLLER;;Epson_image\Epson PX6000_1584048125256.png
MECH-102;1230547;EXTENSION SPRING,0.871;;Epson_image\Epson PX6000_1584048125256.png
MECH-102;1219961;WHEEL,DETECTION;;Epson_image\Epson PX6000_1584048125256.png
MECH-102;2032842;DETECTOR,HP, E;;Epson_image\Epson PX6000_1584048125256.png
MECH-102;1269790;STAR WHEEL Assy.,SP;;Epson_image\Epson PX6000_1584048125256.png
MECH-102;1299759;STAR WHEEL Assy.,SP;;Epson_image\Epson PX6000_1584048125256.png
MECH-102;1219882;SPUR GEAR,15.2;;Epson_image\Epson PX6000_1584048125256.png
MECH-102;1048957;SCALLOP SPRING PIN-AW,2X10,F/B;;Epson_image\Epson PX6000_1584048125256.png
MECH-102;2078956;HARNESS,LOAD PHASE;;Epson_image\Epson PX6000_1584048125256.png
MECH-102;1219922;HOLDER,PAPER EJECT ROLLER;;Epson_image\Epson PX6000_1584048125256.png
MECH-102;1259060;PAPER GUIDE ASSY.,PAPER EJECT,FRONT,LEFT;;Epson_image\Epson PX6000_1584048125256.png
MECH-102;1272798;POROUS PAD,I;;Epson_image\Epson PX6000_1584048125256.png
MECH-102;1272797;POROUS PAD,H;;Epson_image\Epson PX6000_1584048125256.png
MECH-102;1272795;POROUS PAD,G;;Epson_image\Epson PX6000_1584048125256.png
MECH-102;1272793;POROUS PAD,F;;Epson_image\Epson PX6000_1584048125256.png
MECH-102;1259058;PAPER GUIDE ASSY.,PAPER EJECT,FRONT,RIGHT;;Epson_image\Epson PX6000_1584048125256.png
MECH-102;1272790;POROUS PAD,C2;;Epson_image\Epson PX6000_1584048125256.png
MECH-102;1272789;POROUS PAD,B2;;Epson_image\Epson PX6000_1584048125256.png
MECH-102;1259059;PAPER GUIDE ASSY.,PAPER EJECT,FRONT,MIDDLE;;Epson_image\Epson PX6000_1584048125256.png
MECH-102;1272791;POROUS PAD,D2;;Epson_image\Epson PX6000_1584048125256.png
MECH-102;1269614;PAD,AIRSEAL,E;;Epson_image\Epson PX6000_1584048125256.png
MECH-102;1219865;BUSHING,SPACER,PLATEN;;Epson_image\Epson PX6000_1584048125256.png
MECH-102;1270015;SPACER,PAPER EJECT;;Epson_image\Epson PX6000_1584048125256.png
MECH-102;1274765;PAPER GUIDE,REAR ASSY.;;Epson_image\Epson PX6000_1584048125256.png
MECH-102;1264203;SPACER,PLATE,CUTTER,D;;Epson_image\Epson PX6000_1584048125256.png
MECH-102;1264202;SPACER,PLATE,CUTTER,C;;Epson_image\Epson PX6000_1584048125256.png
MECH-102;1264201;SPACER,PLATE,CUTTER,B;;Epson_image\Epson PX6000_1584048125256.png
MECH-102;1264200;SPACER,PLATE,CUTTER,A;;Epson_image\Epson PX6000_1584048125256.png
MECH-102;1290203;STAR WHEEL ASSY.;;Epson_image\Epson PX6000_1584048125256.png
MECH-102;1269797;ASF UNIT,SP;;Epson_image\Epson PX6000_1584048125256.png
MECH-102;1219949;CORK,PAPER FEED;;Epson_image\Epson PX6000_1584048125256.png
MECH-102;1035697;LEVER,LOCK,EDGE GUIDE;;Epson_image\Epson PX6000_1584048125256.png
MECH-102;1264623;COVER,EDGE GUIDE;;Epson_image\Epson PX6000_1584048125256.png
MECH-102;1264622;LEVER,EDGE GUIDE;;Epson_image\Epson PX6000_1584048125256.png
MECH-102;1035696;COMPRESSION SPRING,0.46;;Epson_image\Epson PX6000_1584048125256.png
MECH-102;1030960;COMPRESSION SPRING,3.23;;Epson_image\Epson PX6000_1584048125256.png
MECH-102;1219948;SLIDER,EDGE GUIDE;;Epson_image\Epson PX6000_1584048125256.png
MECH-102;1264118;GUIDE,LOWER;;Epson_image\Epson PX6000_1584048125256.png
MECH-102;1266425;EXTENSION SPRING,1.11;;Epson_image\Epson PX6000_1584048125256.png
MECH-102;1230550;COMPRESSION SPRING,0.40;;Epson_image\Epson PX6000_1584048125256.png
MECH-102;1219936;ROLLER,SUB,LD,MIDDLE;;Epson_image\Epson PX6000_1584048125256.png
MECH-102;1230552;COMPRESSION SPRING,0.407;;Epson_image\Epson PX6000_1584048125256.png
MECH-102;1235932;ROLLER ASSY.,LD,LEFT;;Epson_image\Epson PX6000_1584048125256.png
MECH-102;1219953;COVER,ROLLER,LD,LEFT;;Epson_image\Epson PX6000_1584048125256.png
MECH-102;1219952;COVER,ROLLER,LD,RIGHT;;Epson_image\Epson PX6000_1584048125256.png
MECH-102;1235931;ROLLER ASSY.,LD,RIGHT;;Epson_image\Epson PX6000_1584048125256.png
MECH-102;1030449;LEVER,PAD,RELEASE,LEFT;;Epson_image\Epson PX6000_1584048125256.png
MECH-102;1030420;ROD SPRING,HOLDER,PAD;;Epson_image\Epson PX6000_1584048125256.png
MECH-102;1030450;LEVER,PAD,RELEASE,RIGHT;;Epson_image\Epson PX6000_1584048125256.png
MECH-102;1036874;EXTENSION SPRING,0.62;;Epson_image\Epson PX6000_1584048125256.png
MECH-102;1301888;COMPRESSION SPRING,1.47;;Epson_image\Epson PX6000_1584048125256.png
MECH-102;1219942;LEVER,PAPER RETURN,LEFT;;Epson_image\Epson PX6000_1584048125256.png
MECH-102;1040646;EXTENSION SPRING,0.294;;Epson_image\Epson PX6000_1584048125256.png
MECH-102;1219940;HOLDER,ROLLER,LD,SUPPORT,LEFT;;Epson_image\Epson PX6000_1584048125256.png
MECH-102;1279035;ROLLER,LD,SUPPORT;;Epson_image\Epson PX6000_1584048125256.png
MECH-102;1219941;LEVER,PAPER RETURN,RIGHT;;Epson_image\Epson PX6000_1584048125256.png
MECH-102;1219938;HOLDER,ROLLER,LD,SUPPORT,RIGHT;;Epson_image\Epson PX6000_1584048125256.png
MECH-102;1219960;BUSHING,LOCK,11.4;;Epson_image\Epson PX6000_1584048125256.png
MECH-102;1219968;GROUND SPRING,ASF;;Epson_image\Epson PX6000_1584048125256.png
MECH-102;1219959;LEVER,HOPPER,RELEASE;;Epson_image\Epson PX6000_1584048125256.png
MECH-102;1219963;LEVER,LOCK,EDGE GUIDE;;Epson_image\Epson PX6000_1584048125256.png
MECH-102;1264205;EXTENSION SPRING,0.33;;Epson_image\Epson PX6000_1584048125256.png
MECH-102;1230898;FRAME ASSY.,ASF,LOWER;;Epson_image\Epson PX6000_1584048125256.png
MECH-102;1219929;FRAME,ASF,RIGHT;;Epson_image\Epson PX6000_1584048125256.png
MECH-102;1219962;GEAR,44.74;;Epson_image\Epson PX6000_1584048125256.png
PACK-011;5031629;OUTER CARTON BOX,SP;;Epson_image\Epson PX6000_1584048129227.png
PACK-011;5034603;INDIVIDUAL CARTON BOX,UPPER,SP;;Epson_image\Epson PX6000_1584048129227.png
PACK-011;5034604;INDIVIDUAL CARTON BOX,BOTTOM,SP;;Epson_image\Epson PX6000_1584048129227.png
PACK-011;5034605;SUPPORT POST,ANGLE,SP;;Epson_image\Epson PX6000_1584048129227.png
PACK-011;5034606;SUPPORT POST,FRONT,SP;;Epson_image\Epson PX6000_1584048129227.png
PACK-011;5031633;PAD,SET,SP;;Epson_image\Epson PX6000_1584048129227.png
PACK-011;5034610;BAND,SET,SP;;Epson_image\Epson PX6000_1584048129227.png
PACK-011;5034637;HANDLE,SP;;Epson_image\Epson PX6000_1584048129227.png
PACK-011;5030830;PE SHEET,2200X2500X0.4T;;Epson_image\Epson PX6000_1584048129227.png
PACK-011;5032085;PAD,TRAY;;Epson_image\Epson PX6000_1584048129227.png
PACK-011;5033631;PAD,COVER REAR;;Epson_image\Epson PX6000_1584048129227.png
PACK-011;5034218;PAPER,PROTECT IH;;Epson_image\Epson PX6000_1584048129227.png
PACK-011;5031632;PAD,CORNER,SP;;Epson_image\Epson PX6000_1584048129227.png
PACK-011;5035770;PAD,FIXED PLATE,CR,SET;;Epson_image\Epson PX6000_1584048129227.png
PACK-011;1285587;FIXED PLATE ASSY.,CR;;Epson_image\Epson PX6000_1584048129227.png
PACK-011;1407339;PINCH SCREW,4X25,F/ZN-3C;;Epson_image\Epson PX6000_1584048129227.png
PACK-011;1285590;SPACER,PINCH SCREW;;Epson_image\Epson PX6000_1584048129227.png
PACK-011;1285588;COLOR T,230;;Epson_image\Epson PX6000_1584048129227.png
PACK-011;1243924;CLEANING LIQUID CARTRIDGE,PRINTING;;Epson_image\Epson PX6000_1584048129227.png
PACK-011;1277074;CODE TYPE MICROPHONE(U-505);;Epson_image\Epson PX6000_1584048129227.png
PACK-011;1282354;MULTI SENSOR POSITION TOOL;;Epson_image\Epson PX6000_1584048129227.png
PACK-011;1282355;PAPER THICKNESS POSITION TOOL;;Epson_image\Epson PX6000_1584048129227.png
PACK-011;1284893;CR LOCK TOOL;;Epson_image\Epson PX6000_1584048129227.png
PACK-011;1288094;Banding Standard Sample;;Epson_image\Epson PX6000_1584048129227.png
PACK-011;1294672;HEAD EXCHANGE SUPPORT TOOL;;Epson_image\Epson PX6000_1584048129227.png
PACK-011;1400022;CR SHAFT PARALLELISM PRSS TOOL;;Epson_image\Epson PX6000_1584048129227.png
PACK-011;1400023;CR SUS PLATE SUPPORT TOOL;;Epson_image\Epson PX6000_1584048129227.png
PACK-011;1400024;FFC CHECKING TOOL;;Epson_image\Epson PX6000_1584048129227.png
PACK-011;1400025;P-COVER OPEN SENSOR CLOSE TOOL;;Epson_image\Epson PX6000_1584048129227.png
PACK-011;1400026;THICKNESS GAUGE T0.75;;Epson_image\Epson PX6000_1584048129227.png
PACK-011;1400027;THICKNESS GAUGE T0.65;;Epson_image\Epson PX6000_1584048129227.png
PACK-011;1400028;KEEP STAND CR SHAFT HEIGHT TOOL;;Epson_image\Epson PX6000_1584048129227.png
PACK-011;1400029;PG BELT TENSION SUPPORT TOOL;;Epson_image\Epson PX6000_1584048129227.png
PACK-011;1400030;PG GUAR POSITION ADJ.TOOL;;Epson_image\Epson PX6000_1584048129227.png
PACK-011;1400031;PG BELT TENSION WEIGHT;;Epson_image\Epson PX6000_1584048129227.png
PACK-011;1400032;CR SHAFT PARALLELISM ADG.TOOL;;Epson_image\Epson PX6000_1584048129227.png
PACK-011;1400033;CR SHAFT PASS/UN-PASS TOOL;;Epson_image\Epson PX6000_1584048129227.png
PACK-011;1400034;CR SHAFT PARALLELISM WEIGHT;;Epson_image\Epson PX6000_1584048129227.png
PACK-011;1400035;CUTTER HEIGHT ADJUSTMENT TOOL;;Epson_image\Epson PX6000_1584048129227.png
PACK-011;1400036;CUTTER PRESS DOWN TOOL;;Epson_image\Epson PX6000_1584048129227.png
PACK-011;1400037;PLATEN HEIGHT ADGUSTMENT TOOL;;Epson_image\Epson PX6000_1584048129227.png
PACK-011;1400038;CR SHAFT HEIGHT ADGUSTMENT TOOL;;Epson_image\Epson PX6000_1584048129227.png
PACK-011;1400039;CR SHAFT HEIGHT CHECK TOOL;;Epson_image\Epson PX6000_1584048129227.png
PACK-011;1400040;PF ROLLER HEIGHT ADJ.TOOL;;Epson_image\Epson PX6000_1584048129227.png
PACK-011;1401453;PLATEN RUBBER SETTING TOOL;;Epson_image\Epson PX6000_1584048129227.png
PACK-011;1401454;ALLEN WRENCH(3mm);;Epson_image\Epson PX6000_1584048129227.png
PACK-011;1401455;CR ASSY HOLD TOOL;;Epson_image\Epson PX6000_1584048129227.png
PACK-011;1401456;CUTTER CAP;;Epson_image\Epson PX6000_1584048129227.png
PACK-011;1401457;PRESS TOOL FOR CUTTER PLATE;;Epson_image\Epson PX6000_1584048129227.png
PACK-011;1401458;ASF EXCHANGE SUPPORT TOOL;;Epson_image\Epson PX6000_1584048129227.png
PACK-011;1401947;BOXWRENCH(SPECIAL PROCESSING);;Epson_image\Epson PX6000_1584048129227.png
PACK-011;1401948;CUTTER PLATE DITCH POSITION TOOL;;Epson_image\Epson PX6000_1584048129227.png
PACK-011;1401949;KEEP STAND FOR CUTTER PLATE&PLATEN;;Epson_image\Epson PX6000_1584048129227.png
PACK-011;1401950;CALIBRATE BLOCK&TOOL STAND;;Epson_image\Epson PX6000_1584048129227.png
PACK-011;1401951;TENSION GAUGE(5N, STD);;Epson_image\Epson PX6000_1584048129227.png
PACK-011;1401952;TENSION GAUGE(10N);;Epson_image\Epson PX6000_1584048129227.png
PACK-011;1401953;THICKNESS GAUGE t0.1mm;;Epson_image\Epson PX6000_1584048129227.png
PACK-011;1401954;TORQUE SCREWDRIVER(412KG);;Epson_image\Epson PX6000_1584048129227.png
PACK-011;1418585;CLEANING CART.4P, D40C,AS;;Epson_image\Epson PX6000_1584048129227.png
