CASE-011;1471120;INK CART.UNBOXED,BK-SS,PIGT, H28F,EC,AS;;Epson_image\Epson Stylus SX110_1584101331803.png
CASE-011;1471121;INK CART.UNBOXED,C-SSS,PIGT, H28F,EC,AS;;Epson_image\Epson Stylus SX110_1584101331803.png
CASE-011;1471122;INK CART.UNBOXED,M-SSS,PIGT, H28F,EC,AS;;Epson_image\Epson Stylus SX110_1584101331803.png
CASE-011;1471124;INK CART.UNBOXED,Y-SSS,PIGT, H28F,EC,AS;;Epson_image\Epson Stylus SX110_1584101331803.png
CASE-011;3104412;SOFTWARE CD,HOME;;Epson_image\Epson Stylus SX110_1584101331803.png
CASE-011;4115856;SETTING UP MANUAL;;Epson_image\Epson Stylus SX110_1584101331803.png
CASE-011;4115859;USERS GUIDE;;Epson_image\Epson Stylus SX110_1584101331803.png
CASE-011;1513146;CASE MIDDLE2(DG);;Epson_image\Epson Stylus SX110_1584101331803.png
CASE-011;1497002;TRAY SUPPORT PAPER (B);;Epson_image\Epson Stylus SX110_1584101331803.png
CASE-011;1497004;TRAY EXIT OUTER (DG);;Epson_image\Epson Stylus SX110_1584101331803.png
CASE-011;1497007;TRAY EXIT INNER (DG);;Epson_image\Epson Stylus SX110_1584101331803.png
CASE-011;1497016;COVER WIRE (DG);;Epson_image\Epson Stylus SX110_1584101331803.png
CASE-011;1497013;COVER INK TUBE (DG);;Epson_image\Epson Stylus SX110_1584101331803.png
CASE-011;1497117;STAND SCANNER;;Epson_image\Epson Stylus SX110_1584101331803.png
CASE-011;1513154;COVER PANEL2 EU;;Epson_image\Epson Stylus SX110_1584101331803.png
CASE-011;1513196;LENS LED2;;Epson_image\Epson Stylus SX110_1584101331803.png
CASE-011;1513193;BUTTON POWER2(For B);;Epson_image\Epson Stylus SX110_1584101331803.png
CASE-011;1513191;BUTTON OP2(For B);;Epson_image\Epson Stylus SX110_1584101331803.png
CASE-011;1513195;LABEL INK;;Epson_image\Epson Stylus SX110_1584101331803.png
CASE-011;2124022;POWER CABLE VD;;Epson_image\Epson Stylus SX110_1584101331803.png
CASE-021;1517060;CAP ASSY.,CA46, B;;Epson_image\Epson Stylus SX110_1584101338561.png
CASE-021;1497000;ASF SHAFT UNIT;;Epson_image\Epson Stylus SX110_1584101338561.png
CASE-021;1497001;ROLLER FEED UNIT;;Epson_image\Epson Stylus SX110_1584101338561.png
CASE-021;1497019;FOOT;;Epson_image\Epson Stylus SX110_1584101338561.png
CASE-021;1497020;TRAY ASF;;Epson_image\Epson Stylus SX110_1584101338561.png
CASE-021;1497021;GUIDE EDGE PAPER;;Epson_image\Epson Stylus SX110_1584101338561.png
CASE-021;1497047;LEVER PICK CLUTCH;;Epson_image\Epson Stylus SX110_1584101338561.png
CASE-021;1497048;SPRING LEVER CLUTCH;;Epson_image\Epson Stylus SX110_1584101338561.png
CASE-021;1497049;GEAR IDLE LEVER;;Epson_image\Epson Stylus SX110_1584101338561.png
CASE-021;1497050;TIRE SEPARATOR;;Epson_image\Epson Stylus SX110_1584101338561.png
CASE-021;1497051;TIRE PICK;;Epson_image\Epson Stylus SX110_1584101338561.png
CASE-021;1497052;GEAR PUMP IDLE;;Epson_image\Epson Stylus SX110_1584101338561.png
CASE-021;1497053;GEAR PUMP;;Epson_image\Epson Stylus SX110_1584101338561.png
CASE-021;1497054;ROLLER PUMP;;Epson_image\Epson Stylus SX110_1584101338561.png
CASE-021;1497055;BRACKET PUMP;;Epson_image\Epson Stylus SX110_1584101338561.png
CASE-021;1436919;TUBE,PUMP;;Epson_image\Epson Stylus SX110_1584101338561.png
CASE-021;1497058;HOUSING PUMP;;Epson_image\Epson Stylus SX110_1584101338561.png
CASE-021;1497057;HOLDER TUBE;;Epson_image\Epson Stylus SX110_1584101338561.png
CASE-021;1497065;FELT MIDDLE UPPER;;Epson_image\Epson Stylus SX110_1584101338561.png
CASE-021;1513197;FELT MIDDLE CENTER2;;Epson_image\Epson Stylus SX110_1584101338561.png
CASE-021;1513198;FELT MIDDLE LOWER2;;Epson_image\Epson Stylus SX110_1584101338561.png
CASE-021;1513199;FELT LEFT UPPER2;;Epson_image\Epson Stylus SX110_1584101338561.png
CASE-021;1513200;FELT LEFT LOWER2;;Epson_image\Epson Stylus SX110_1584101338561.png
CASE-021;1497073;FELT BOTTOM SIDE;;Epson_image\Epson Stylus SX110_1584101338561.png
CASE-021;1513201;FELT BOTTOM CARRIAGE2;;Epson_image\Epson Stylus SX110_1584101338561.png
CASE-021;1497075;FELT RIGHT;;Epson_image\Epson Stylus SX110_1584101338561.png
CASE-021;1513202;FOAM TUBE END ASSY2;;Epson_image\Epson Stylus SX110_1584101338561.png
CASE-021;1513203;FOAM BOTTOM CARRIAGE ASSY2;;Epson_image\Epson Stylus SX110_1584101338561.png
CASE-021;1497078;ENCODER DISC P;;Epson_image\Epson Stylus SX110_1584101338561.png
CASE-021;1497080;MOTOR FEED;;Epson_image\Epson Stylus SX110_1584101338561.png
CASE-021;1497083;ROLLER EXIT B;;Epson_image\Epson Stylus SX110_1584101338561.png
CASE-021;1497084;WHEEL STAR EXIT;;Epson_image\Epson Stylus SX110_1584101338561.png
CASE-021;1497085;SPRING STAR WHEEL;;Epson_image\Epson Stylus SX110_1584101338561.png
CASE-021;1497086;WHEEL STAR METAL;;Epson_image\Epson Stylus SX110_1584101338561.png
CASE-021;1497087;HOUSING EXIT;;Epson_image\Epson Stylus SX110_1584101338561.png
CASE-021;1497088;CARRIER;;Epson_image\Epson Stylus SX110_1584101338561.png
CASE-021;1497092;SPRING CARRIER GUIDE;;Epson_image\Epson Stylus SX110_1584101338561.png
CASE-021;1497093;GUIDE CARRIER;;Epson_image\Epson Stylus SX110_1584101338561.png
CASE-021;1497094;PLATE GROUND HEAD;;Epson_image\Epson Stylus SX110_1584101338561.png
CASE-021;1497095;COVER FFC;;Epson_image\Epson Stylus SX110_1584101338561.png
CASE-021;1497098;HOLDER CONTACT;;Epson_image\Epson Stylus SX110_1584101338561.png
CASE-021;1497100;FFC CARRIER 17pin;;Epson_image\Epson Stylus SX110_1584101338561.png
CASE-021;1497101;FFC CARRIER 21pin;;Epson_image\Epson Stylus SX110_1584101338561.png
CASE-021;1497103;FLAG FEED SENSOR;;Epson_image\Epson Stylus SX110_1584101338561.png
CASE-021;1497104;SPRING FEED SENSOR;;Epson_image\Epson Stylus SX110_1584101338561.png
CASE-021;1497105;ROLLER FEED PINCH;;Epson_image\Epson Stylus SX110_1584101338561.png
CASE-021;1497106;MOTOR CARRIER;;Epson_image\Epson Stylus SX110_1584101338561.png
CASE-021;1497107;SPRING ENCORDER;;Epson_image\Epson Stylus SX110_1584101338561.png
CASE-021;1497108;ENCORDER CARRIER;;Epson_image\Epson Stylus SX110_1584101338561.png
CASE-021;1497109;PULLY BELT TENSION;;Epson_image\Epson Stylus SX110_1584101338561.png
CASE-021;1497112;BELT CARRIAGE;;Epson_image\Epson Stylus SX110_1584101338561.png
CASE-021;1497118;SPRING STAND SCANNER;;Epson_image\Epson Stylus SX110_1584101338561.png
CASE-021;F181010;PRINT HEAD;;Epson_image\Epson Stylus SX110_1584101338561.png
CASE-021;1497059;SPRING CLEANER CAP;;Epson_image\Epson Stylus SX110_1584101338561.png
CASE-021;1497060;FOAM CAP SIDE;;Epson_image\Epson Stylus SX110_1584101338561.png
CASE-021;1497061;CASE CLEANER;;Epson_image\Epson Stylus SX110_1584101338561.png
CASE-021;1497062;SPRING CLEANER;;Epson_image\Epson Stylus SX110_1584101338561.png
CASE-021;1497063;LEVER CLEANER;;Epson_image\Epson Stylus SX110_1584101338561.png
CASE-021;1497064;SPRING CLEANER LEVER;;Epson_image\Epson Stylus SX110_1584101338561.png
CASE-021;1511736;CIS;;Epson_image\Epson Stylus SX110_1584101338561.png
CASE-021;1502606;SPACER CIS;;Epson_image\Epson Stylus SX110_1584101338561.png
CASE-021;1513204;SCANNER MOTOR ASSY;;Epson_image\Epson Stylus SX110_1584101338561.png
CASE-021;1513205;SCANNER UNIT2(DARK GRAY);;Epson_image\Epson Stylus SX110_1584101338561.png
CASE-021;1497116;COVER ASF;;Epson_image\Epson Stylus SX110_1584101338561.png
CASE-021;1513208;COVER DOCUMENT2(B);;Epson_image\Epson Stylus SX110_1584101338561.png
CASE-021;1497115;PAD DOCUMENT;;Epson_image\Epson Stylus SX110_1584101338561.png
ELEC-011;2126842;MAIN PCB2 ASSY;;Epson_image\Epson Stylus SX110_1584101343051.png
ELEC-011;2126843;FEED ENCODER PCB2 ASSY;;Epson_image\Epson Stylus SX110_1584101343051.png
ELEC-011;2126844;CR ENCODER PCB2 ASSY;;Epson_image\Epson Stylus SX110_1584101343051.png
ELEC-011;2126070;CR CONTACT MODULE;;Epson_image\Epson Stylus SX110_1584101343051.png
ELEC-011;2109629;CONNECTOR,CSIC, B;;Epson_image\Epson Stylus SX110_1584101343051.png
ELEC-011;2126845;OP-PANEL PCB2 ASSY;;Epson_image\Epson Stylus SX110_1584101343051.png
ELEC-011;2126477;POWER UNIT(200V);;Epson_image\Epson Stylus SX110_1584101343051.png
MECH-011;2126477;POWER UNIT(200V);;Epson_image\Epson Stylus SX110_1584101347967.png
MECH-011;1517060;CAP ASSY.,CA46, B;;Epson_image\Epson Stylus SX110_1584101347967.png
MECH-011;1497000;ASF SHAFT UNIT;;Epson_image\Epson Stylus SX110_1584101347967.png
MECH-011;1497001;ROLLER FEED UNIT;;Epson_image\Epson Stylus SX110_1584101347967.png
MECH-011;1497019;FOOT;;Epson_image\Epson Stylus SX110_1584101347967.png
MECH-011;1497020;TRAY ASF;;Epson_image\Epson Stylus SX110_1584101347967.png
MECH-011;1497021;GUIDE EDGE PAPER;;Epson_image\Epson Stylus SX110_1584101347967.png
MECH-011;1497047;LEVER PICK CLUTCH;;Epson_image\Epson Stylus SX110_1584101347967.png
MECH-011;1497048;SPRING LEVER CLUTCH;;Epson_image\Epson Stylus SX110_1584101347967.png
MECH-011;1497049;GEAR IDLE LEVER;;Epson_image\Epson Stylus SX110_1584101347967.png
MECH-011;1497050;TIRE SEPARATOR;;Epson_image\Epson Stylus SX110_1584101347967.png
MECH-011;1497051;TIRE PICK;;Epson_image\Epson Stylus SX110_1584101347967.png
MECH-011;1497052;GEAR PUMP IDLE;;Epson_image\Epson Stylus SX110_1584101347967.png
MECH-011;1497053;GEAR PUMP;;Epson_image\Epson Stylus SX110_1584101347967.png
MECH-011;1497054;ROLLER PUMP;;Epson_image\Epson Stylus SX110_1584101347967.png
MECH-011;1497055;BRACKET PUMP;;Epson_image\Epson Stylus SX110_1584101347967.png
MECH-011;1436919;TUBE,PUMP;;Epson_image\Epson Stylus SX110_1584101347967.png
MECH-011;1497058;HOUSING PUMP;;Epson_image\Epson Stylus SX110_1584101347967.png
MECH-011;1497057;HOLDER TUBE;;Epson_image\Epson Stylus SX110_1584101347967.png
MECH-011;1497065;FELT MIDDLE UPPER;;Epson_image\Epson Stylus SX110_1584101347967.png
MECH-011;1513197;FELT MIDDLE CENTER2;;Epson_image\Epson Stylus SX110_1584101347967.png
MECH-011;1513198;FELT MIDDLE LOWER2;;Epson_image\Epson Stylus SX110_1584101347967.png
MECH-011;1513199;FELT LEFT UPPER2;;Epson_image\Epson Stylus SX110_1584101347967.png
MECH-011;1513200;FELT LEFT LOWER2;;Epson_image\Epson Stylus SX110_1584101347967.png
MECH-011;1497073;FELT BOTTOM SIDE;;Epson_image\Epson Stylus SX110_1584101347967.png
MECH-011;1513201;FELT BOTTOM CARRIAGE2;;Epson_image\Epson Stylus SX110_1584101347967.png
MECH-011;1497075;FELT RIGHT;;Epson_image\Epson Stylus SX110_1584101347967.png
MECH-011;1513202;FOAM TUBE END ASSY2;;Epson_image\Epson Stylus SX110_1584101347967.png
MECH-011;1513203;FOAM BOTTOM CARRIAGE ASSY2;;Epson_image\Epson Stylus SX110_1584101347967.png
MECH-011;1497078;ENCODER DISC P;;Epson_image\Epson Stylus SX110_1584101347967.png
MECH-011;1497080;MOTOR FEED;;Epson_image\Epson Stylus SX110_1584101347967.png
MECH-011;1497083;ROLLER EXIT B;;Epson_image\Epson Stylus SX110_1584101347967.png
MECH-011;1497084;WHEEL STAR EXIT;;Epson_image\Epson Stylus SX110_1584101347967.png
MECH-011;1497085;SPRING STAR WHEEL;;Epson_image\Epson Stylus SX110_1584101347967.png
MECH-011;1497086;WHEEL STAR METAL;;Epson_image\Epson Stylus SX110_1584101347967.png
MECH-011;1497087;HOUSING EXIT;;Epson_image\Epson Stylus SX110_1584101347967.png
MECH-011;1497088;CARRIER;;Epson_image\Epson Stylus SX110_1584101347967.png
MECH-011;1497092;SPRING CARRIER GUIDE;;Epson_image\Epson Stylus SX110_1584101347967.png
MECH-011;1497093;GUIDE CARRIER;;Epson_image\Epson Stylus SX110_1584101347967.png
MECH-011;1497094;PLATE GROUND HEAD;;Epson_image\Epson Stylus SX110_1584101347967.png
MECH-011;1497095;COVER FFC;;Epson_image\Epson Stylus SX110_1584101347967.png
MECH-011;1497098;HOLDER CONTACT;;Epson_image\Epson Stylus SX110_1584101347967.png
MECH-011;1497100;FFC CARRIER 17pin;;Epson_image\Epson Stylus SX110_1584101347967.png
MECH-011;1497101;FFC CARRIER 21pin;;Epson_image\Epson Stylus SX110_1584101347967.png
MECH-011;1497103;FLAG FEED SENSOR;;Epson_image\Epson Stylus SX110_1584101347967.png
MECH-011;1497104;SPRING FEED SENSOR;;Epson_image\Epson Stylus SX110_1584101347967.png
MECH-011;1497105;ROLLER FEED PINCH;;Epson_image\Epson Stylus SX110_1584101347967.png
MECH-011;1497106;MOTOR CARRIER;;Epson_image\Epson Stylus SX110_1584101347967.png
MECH-011;1497107;SPRING ENCORDER;;Epson_image\Epson Stylus SX110_1584101347967.png
MECH-011;1497108;ENCORDER CARRIER;;Epson_image\Epson Stylus SX110_1584101347967.png
MECH-011;1497109;PULLY BELT TENSION;;Epson_image\Epson Stylus SX110_1584101347967.png
MECH-011;1497112;BELT CARRIAGE;;Epson_image\Epson Stylus SX110_1584101347967.png
MECH-011;1497118;SPRING STAND SCANNER;;Epson_image\Epson Stylus SX110_1584101347967.png
MECH-011;F181010;PRINT HEAD;;Epson_image\Epson Stylus SX110_1584101347967.png
MECH-011;1497059;SPRING CLEANER CAP;;Epson_image\Epson Stylus SX110_1584101347967.png
MECH-011;1497060;FOAM CAP SIDE;;Epson_image\Epson Stylus SX110_1584101347967.png
MECH-011;1497061;CASE CLEANER;;Epson_image\Epson Stylus SX110_1584101347967.png
MECH-011;1497062;SPRING CLEANER;;Epson_image\Epson Stylus SX110_1584101347967.png
MECH-011;1497063;LEVER CLEANER;;Epson_image\Epson Stylus SX110_1584101347967.png
MECH-011;1497064;SPRING CLEANER LEVER;;Epson_image\Epson Stylus SX110_1584101347967.png
MECH-011;1511736;CIS;;Epson_image\Epson Stylus SX110_1584101347967.png
MECH-011;1502606;SPACER CIS;;Epson_image\Epson Stylus SX110_1584101347967.png
MECH-011;1513204;SCANNER MOTOR ASSY;;Epson_image\Epson Stylus SX110_1584101347967.png
